player_id,player_name,position,rookie,draft_pick,draft_round,draft_team,age_sep1,experience_years,baseline_ppr_pg,ridge_ppr_pg,boost_ppr_pg,baseline_games,ridge_games,boost_games
00-0033106,Jared Goff,QB,False,1.0,1.0,LAR,31.883,10,17.4741,16.2178,15.1283,17.0,10.085,8.088
00-0034855,Baker Mayfield,QB,False,1.0,1.0,CLE,31.385,8,15.9953,15.6798,13.9384,17.0,8.321,4.271
00-0036442,Joe Burrow,QB,False,1.0,1.0,CIN,29.725,6,16.8075,15.1527,16.7164,8.0,7.777,6.959
00-0039164,Anthony Richardson,QB,False,4.0,1.0,IND,24.28,3,1.08,14.5766,12.6246,2.0,4.608,4.901
00-0040676,Cam Ward,QB,False,1.0,1.0,TEN,24.272,1,10.98,14.1744,11.127,17.0,8.143,6.563
00-0039910,Jayden Daniels,QB,False,2.0,1.0,WAS,25.703,2,16.3257,14.0772,12.514,7.0,6.642,5.042
00-0035228,Kyler Murray,QB,False,1.0,1.0,ARI,29.068,7,15.556,14.0557,16.033,5.0,5.652,6.289
00-0033873,Patrick Mahomes,QB,False,10.0,1.0,KAN,30.958,9,20.4057,14.0413,14.4868,14.0,8.139,3.674
00-0034796,Lamar Jackson,QB,False,32.0,1.0,BAL,29.649,8,16.5277,13.4276,12.5491,13.0,6.976,4.624
00-0036212,Tua Tagovailoa,QB,False,5.0,1.0,MIA,28.502,6,11.4786,13.2065,11.6123,14.0,7.166,6.585
00-0040691,Jaxson Dart,QB,False,25.0,1.0,NYG,23.305,1,17.2557,13.0012,12.7214,14.0,7.425,5.856
00-0032268,Marcus Mariota,QB,False,2.0,1.0,TEN,32.838,11,12.55,12.9665,12.4211,10.0,6.251,5.784
00-0035710,Daniel Jones,QB,False,6.0,1.0,NYG,29.265,7,17.4185,12.6605,11.9756,13.0,7.125,5.542
00-0033077,Dak Prescott,QB,False,135.0,4.0,DAL,33.093,10,18.4576,12.325,13.7348,17.0,6.389,8.655
00-0030565,Geno Smith,QB,False,39.0,2.0,NYJ,35.894,13,11.5933,12.1291,12.308,15.0,5.464,6.457
00-0036945,Justin Fields,QB,False,11.0,1.0,CHI,27.494,5,15.8511,11.7819,13.0502,9.0,6.003,5.604
00-0040743,Tyler Shough,QB,False,40.0,2.0,NOR,26.927,1,14.36,11.6899,10.5711,11.0,6.856,8.971
00-0041562,Fernando Mendoza,QB,True,1.0,1.0,LVR,22.919,0,13.4419,11.2233,11.8981,9.053,6.006,9.202
00-0039917,Michael Penix Jr.,QB,False,8.0,1.0,ATL,26.317,2,13.3644,11.0027,12.049,9.0,5.969,5.708
00-0026158,Joe Flacco,QB,False,18.0,1.0,BAL,41.624,18,11.2815,10.6728,11.9096,13.0,5.647,4.473
00-0031503,Jameis Winston,QB,False,1.0,1.0,TAM,32.652,11,14.4267,10.5629,9.5588,3.0,1.466,3.983
00-0033869,Mitchell Trubisky,QB,False,2.0,1.0,CHI,32.034,9,7.78,10.5452,8.2429,4.0,6.157,4.691
00-0039923,J.J. McCarthy,QB,False,10.0,1.0,MIN,23.614,2,12.538,10.534,10.3461,10.0,6.435,5.604
00-0033119,Jacoby Brissett,QB,False,91.0,3.0,NWE,33.723,10,16.2457,10.2922,10.8148,14.0,4.929,6.693
00-0041568,Ty Simpson,QB,True,13.0,1.0,LAR,23.697,0,13.4419,10.0809,10.6637,9.053,5.482,5.698
00-0029604,Kirk Cousins,QB,False,102.0,4.0,WAS,38.035,14,10.354,9.2599,7.4994,10.0,4.321,3.273
00-0040704,Dillon Gabriel,QB,False,94.0,3.0,CLE,25.676,1,7.008,9.2216,6.8675,10.0,4.893,4.403
00-0032950,Carson Wentz,QB,False,2.0,1.0,PHI,33.671,10,14.068,9.0733,10.1938,5.0,4.699,5.487
00-0041561,Carson Beck,QB,True,65.0,3.0,ARI,24.784,0,6.3042,8.8398,7.2212,4.5,4.557,3.62
00-0041565,Drew Allar,QB,True,76.0,3.0,PIT,22.484,0,6.3042,8.8337,8.8898,4.5,4.555,4.712
00-0022942,Philip Rivers,QB,False,4.0,1.0,NYG,44.732,22,10.5533,8.7132,7.239,3.0,5.193,2.464
00-0037012,Trey Lance,QB,False,3.0,1.0,SFO,26.314,5,3.385,8.5241,7.7775,4.0,2.775,3.035
00-0041056,Cade Klubnik,QB,True,110.0,4.0,NYJ,22.894,0,5.9468,8.424,7.0592,2.393,4.152,3.113
00-0029263,Russell Wilson,QB,False,75.0,3.0,SEA,37.756,14,8.3067,8.3609,5.9851,6.0,3.765,3.157
00-0040668,Shedeur Sanders,QB,False,144.0,5.0,CLE,24.565,1,10.6125,8.1653,8.8298,8.0,3.782,3.24
00-0037013,Zach Wilson,QB,False,2.0,1.0,NYJ,27.081,5,0.345,8.0566,8.2286,4.0,4.451,4.632
00-0038128,Malik Willis,QB,False,86.0,3.0,TEN,27.272,4,12.795,8.0161,8.2221,4.0,3.602,3.749
00-0040891,Cole Payton,QB,True,178.0,5.0,PHI,23.85,0,7.3121,7.8361,6.1895,0.971,3.543,1.971
00-0041092,Taylen Green,QB,True,182.0,6.0,CLE,23.872,0,7.3121,7.7143,6.1895,0.971,3.374,1.971
00-0031345,Jimmy Garoppolo,QB,False,62.0,2.0,NWE,34.832,12,-0.3333,7.4978,7.8988,3.0,3.443,4.121
00-0041117,Athan Kaliakmanis,QB,True,223.0,7.0,WAS,23.034,0,7.3121,7.435,6.8465,0.971,3.021,2.229
00-0038102,Kenny Pickett,QB,False,20.0,1.0,PIT,28.239,4,1.2867,7.3737,7.2938,6.0,4.148,4.155
00-0035993,Tyler Huntley,QB,False,,,,28.576,6,8.028,7.3516,7.0187,5.0,2.15,1.762
00-0035704,Drew Lock,QB,False,42.0,2.0,DEN,29.808,7,0.0333,7.3269,8.0626,3.0,3.241,3.505
00-0041123,Behren Morton,QB,True,234.0,7.0,NWE,24.622,0,7.3121,7.3044,5.9768,0.971,2.899,1.971
00-0036898,Davis Mills,QB,False,67.0,3.0,HOU,27.864,5,11.4333,7.2611,5.446,6.0,3.591,2.689
00-0040906,Garrett Nussmeier,QB,True,249.0,7.0,KAN,24.567,0,7.3121,7.2328,5.9768,0.971,2.817,1.971
00-0027973,Andy Dalton,QB,False,35.0,2.0,CIN,38.843,15,2.38,7.0927,7.2486,4.0,3.469,2.5
00-0039398,Joe Milton III,QB,False,193.0,6.0,NWE,26.489,2,2.58,7.0498,7.1111,4.0,2.788,2.436
00-0033949,Joshua Dobbs,QB,False,135.0,4.0,PIT,31.598,9,0.525,6.7658,5.2145,4.0,2.917,3.113
00-0038579,Aidan O'Connell,QB,False,135.0,4.0,LVR,28.001,3,4.78,6.7185,5.4309,1.0,2.346,2.098
00-0040234,Quinn Ewers,QB,False,231.0,7.0,MIA,23.467,1,8.295,6.6565,7.7978,4.0,3.72,3.034
00-0038400,Tanner McKee,QB,False,188.0,6.0,PHI,26.347,3,3.44,6.6363,4.703,4.0,2.712,2.241
00-0028118,Tyrod Taylor,QB,False,180.0,6.0,BAL,37.079,15,9.91,6.2913,8.9313,6.0,1.544,2.74
00-0031237,Teddy Bridgewater,QB,False,32.0,1.0,MIN,33.808,12,0.96,6.1722,7.3773,3.0,3.233,3.965
00-0039376,Spencer Rattler,QB,False,150.0,5.0,NOR,25.925,2,11.0156,6.0492,8.333,9.0,4.004,3.457
00-0040673,Jalen Milroe,QB,False,92.0,3.0,SEA,23.718,1,-0.5333,5.755,6.2619,3.0,3.22,3.732
00-0035289,Gardner Minshew,QB,False,178.0,6.0,JAX,30.295,7,-0.08,5.6989,5.6736,4.0,1.477,2.264
00-0040206,Riley Leonard,QB,False,189.0,6.0,IND,23.968,1,6.2,5.1419,5.5772,5.0,3.084,1.841
00-0040398,Brady Cook,QB,False,,,,24.888,1,5.692,4.6644,3.7928,5.0,2.519,0.539
00-0036679,Shane Buechele,QB,False,,,,28.647,5,3.92,4.1019,3.1314,1.0,2.435,1.818
00-0040494,Max Brosmer,QB,False,,,,25.43,1,0.6029,3.9759,4.2712,7.0,2.38,1.969
00-0033662,Cooper Rush,QB,False,,,,32.778,9,0.43,3.9574,4.1379,4.0,1.675,1.803
00-0037324,Chris Oladokun,QB,False,241.0,7.0,PIT,28.994,4,3.7333,3.9043,2.7976,3.0,0.589,1.193
00-0026300,Josh Johnson,QB,False,160.0,5.0,TAM,40.299,18,8.1267,3.7533,4.782,3.0,0.951,0.76
00-0038582,Clayton Tune,QB,False,139.0,5.0,ARI,27.445,3,0.99,3.6713,5.1551,2.0,0.0,1.412
00-0039577,Kedon Slovis,QB,False,,,,25.391,2,-0.04,3.2158,4.2579,2.0,2.178,1.55
00-0038658,Adrian Martinez,QB,False,,,,26.651,2,-0.1,3.1907,5.8161,1.0,2.28,1.607
00-0033319,Nick Mullens,QB,False,,,,31.45,9,-0.01,3.008,4.6548,4.0,1.007,2.118
00-0038416,Tyson Bagent,QB,False,,,,26.232,3,1.29,2.8996,4.7252,2.0,1.255,1.602
00-0034955,Brett Rypien,QB,False,,,,30.147,7,0.0,2.6915,4.4906,1.0,1.777,1.814
00-0034577,Kyle Allen,QB,False,,,,30.484,8,-0.15,2.1374,4.6331,2.0,0.858,1.871
00-0035100,Jake Browning,QB,False,,,,30.391,7,9.748,1.9744,2.8105,5.0,1.16,0.783
00-0032434,Brandon Allen,QB,False,201.0,6.0,JAX,33.988,10,0.88,1.5594,1.4996,1.0,0.0,0.825
00-0038542,Bijan Robinson,RB,False,8.0,1.0,ATL,24.586,3,21.8118,18.633,18.8989,17.0,11.725,8.014
00-0039139,Jahmyr Gibbs,RB,False,12.0,1.0,DET,24.452,3,21.5824,17.7242,17.731,17.0,10.019,8.358
00-0040122,Ashton Jeanty,RB,False,6.0,1.0,LVR,22.749,1,14.4176,17.3633,18.0072,17.0,8.904,6.732
00-0039040,De'Von Achane,RB,False,84.0,3.0,MIA,24.885,3,20.175,15.0519,14.018,16.0,11.471,10.859
00-0036223,Jonathan Taylor,RB,False,41.0,2.0,IND,27.617,6,21.3118,14.2498,14.1604,17.0,9.962,10.099
00-0038120,Breece Hall,RB,False,36.0,2.0,NYJ,25.254,4,12.9787,13.2588,11.347,16.0,9.07,8.504
00-0036997,Javonte Williams,RB,False,35.0,2.0,DEN,26.352,5,15.175,12.5909,14.642,16.0,8.834,9.73
00-0038597,Chase Brown,RB,False,163.0,5.0,CIN,26.448,3,16.6235,11.6358,13.1814,17.0,9.639,11.829
00-0039361,Bucky Irving,RB,False,125.0,4.0,TAM,24.036,2,13.85,11.6141,12.4544,10.0,7.098,9.302
00-0040784,Quinshon Judkins,RB,False,36.0,2.0,CLE,22.842,1,12.1286,11.4979,11.5047,14.0,8.579,8.349
00-0040715,Cam Skattebo,RB,False,105.0,4.0,NYG,24.57,1,15.9625,11.1044,11.72,8.0,6.83,7.893
00-0032764,Derrick Henry,RB,False,45.0,2.0,TEN,32.658,10,16.4412,9.9549,12.1914,17.0,7.174,10.866
00-0039032,Tyjae Spears,RB,False,81.0,3.0,TEN,25.213,3,8.5923,9.5568,7.3617,13.0,7.494,5.095
00-0041027,Jeremiyah Love,RB,True,3.0,1.0,ARI,21.254,0,12.5685,9.3929,12.4804,6.5,6.137,6.418
00-0036158,J.K. Dobbins,RB,False,55.0,2.0,BAL,27.708,6,11.59,9.0565,8.39,10.0,7.124,6.334
00-0037256,Rachaad White,RB,False,91.0,3.0,TAM,27.636,4,8.4118,9.0194,8.24,17.0,7.952,4.092
00-0039384,Tyrone Tracy Jr.,RB,False,166.0,5.0,NYG,26.774,2,10.72,8.6885,7.0729,15.0,8.563,9.434
00-0040162,Dylan Sampson,RB,False,126.0,4.0,CLE,21.963,1,5.84,8.6246,8.4456,15.0,7.155,6.274
00-0035685,David Montgomery,RB,False,73.0,3.0,CHI,29.235,7,9.8188,8.4846,6.0273,17.0,6.842,6.791
00-0035261,Tony Pollard,RB,False,128.0,4.0,DAL,29.339,7,10.9294,7.8252,7.8426,17.0,7.89,7.96
00-0039921,Trey Benson,RB,False,66.0,3.0,ARI,24.11,2,8.85,7.483,5.6014,4.0,7.286,4.821
00-0033906,Alvin Kamara,RB,False,67.0,3.0,NOR,31.105,9,9.1545,7.4112,6.489,11.0,5.335,4.056
00-0041512,Jadarian Price,RB,True,32.0,1.0,SEA,22.897,0,12.5685,7.2798,10.2116,6.5,6.556,6.418
00-0033293,Aaron Jones,RB,False,182.0,5.0,GNB,31.749,9,9.8917,6.9811,5.922,12.0,5.799,6.229
00-0033553,James Conner,RB,False,105.0,3.0,PIT,31.327,9,11.1,6.9365,5.7467,3.0,3.454,4.089
00-0039373,Audric Estimé,RB,False,147.0,5.0,DEN,22.987,2,9.62,6.8457,5.7043,5.0,6.759,3.738
00-0033923,Kareem Hunt,RB,False,86.0,3.0,KAN,31.073,9,8.5529,6.6428,6.0545,17.0,6.196,7.559
00-0036924,Michael Carter,RB,False,107.0,4.0,NYJ,27.322,5,7.6154,6.6102,6.4692,13.0,5.628,4.922
00-0036414,Cam Akers,RB,False,52.0,2.0,LAR,27.196,6,1.795,6.2443,4.7821,4.0,5.038,3.092
00-0036893,Najee Harris,RB,False,24.0,1.0,PIT,28.482,5,3.8667,6.1906,7.0853,3.0,4.301,3.62
00-0035250,Devin Singletary,RB,False,74.0,3.0,BUF,28.994,7,6.4,6.0462,4.86,17.0,6.51,4.944
00-0034975,Justice Hill,RB,False,113.0,4.0,BAL,28.797,7,6.52,6.0062,4.8931,10.0,4.819,4.883
00-0040202,Devin Neal,RB,False,184.0,6.0,NOR,23.056,1,6.6667,5.96,6.0341,9.0,5.564,7.685
00-0039874,Jaylen Wright,RB,False,120.0,4.0,MIA,23.42,2,5.3556,5.8829,7.0908,9.0,6.224,7.175
00-0038551,Kendre Miller,RB,False,71.0,3.0,NOR,24.225,3,4.7571,5.7489,5.758,7.0,4.864,5.033
00-0040242,Jacory Croskey-Merritt,RB,False,245.0,7.0,WAS,25.389,1,8.2529,5.7375,4.7067,17.0,6.752,6.422
00-0035243,Miles Sanders,RB,False,53.0,2.0,PHI,29.337,7,6.675,5.5748,4.2817,4.0,4.243,2.979
00-0037263,Tyler Allgeier,RB,False,151.0,5.0,ATL,26.38,4,7.2353,5.5567,5.0618,17.0,6.903,4.606
00-0040078,Brashard Smith,RB,False,228.0,7.0,KAN,23.393,1,3.7235,5.5486,6.4925,17.0,6.436,7.313
00-0041052,Kaelon Black,RB,True,90.0,3.0,SFO,24.874,0,5.1905,5.5421,4.5371,4.794,6.166,5.237
00-0037525,Jordan Mason,RB,False,,,,27.275,4,8.0563,5.5169,6.1314,16.0,5.983,6.36
00-0041496,Jonah Coleman,RB,True,108.0,4.0,DEN,23.034,0,4.9312,5.4544,5.9843,7.844,6.038,6.418
00-0037157,Bam Knight,RB,False,,,,25.391,4,7.7417,5.3687,4.4594,12.0,4.728,5.673
00-0035537,Ty Johnson,RB,False,186.0,6.0,DET,28.956,7,5.9,5.3432,5.9415,17.0,5.453,6.007
00-0040878,Mike Washington Jr.,RB,True,122.0,4.0,LVR,23.165,0,4.9312,5.2732,4.664,7.844,6.003,6.418
00-0037197,Isiah Pacheco,RB,False,251.0,7.0,KAN,27.502,4,6.7154,5.1578,4.1864,13.0,5.505,4.675
00-0037267,Jerome Ford,RB,False,156.0,5.0,CLE,26.971,4,3.3538,5.0971,4.6667,13.0,5.483,3.441
00-0039405,Jawhar Jordan,RB,False,205.0,6.0,HOU,27.04,2,7.425,5.0618,2.8256,4.0,4.674,2.759
00-0039798,Isaiah Davis,RB,False,173.0,5.0,NYJ,24.526,2,4.45,4.9828,5.2686,16.0,7.015,6.355
00-0036360,Clyde Edwards-Helaire,RB,False,32.0,1.0,KAN,27.393,6,2.1,4.9638,7.0401,2.0,2.064,2.067
00-0040198,Ollie Gordon II,RB,False,179.0,6.0,MIA,22.629,1,3.1824,4.8402,5.7223,17.0,6.183,6.078
00-0040142,Kaleb Johnson,RB,False,83.0,3.0,PIT,23.05,1,0.88,4.8308,5.8901,10.0,5.418,6.028
00-0033526,Samaje Perine,RB,False,114.0,4.0,WAS,30.96,9,5.1933,4.7683,4.4223,15.0,5.301,5.411
00-0040888,Adam Randall,RB,True,174.0,5.0,BAL,22.133,0,4.9312,4.7633,4.026,7.844,5.734,5.961
00-0040886,Nicholas Singleton,RB,True,165.0,5.0,TEN,22.653,0,4.9312,4.7596,3.8623,7.844,5.74,6.405
00-0041013,Emmett Johnson,RB,True,161.0,5.0,KAN,22.894,0,4.9312,4.7571,3.8623,7.844,5.742,6.405
00-0040586,Jaydon Blue,RB,False,149.0,5.0,DAL,22.648,1,4.08,4.7447,5.2955,5.0,4.332,5.609
00-0040021,Phil Mafah,RB,False,239.0,7.0,DAL,23.855,1,10.9,4.7244,5.6335,1.0,3.241,3.349
00-0033955,Jeremy McNichols,RB,False,162.0,5.0,TAM,30.684,9,4.5438,4.6033,5.5315,16.0,5.32,4.813
00-0038454,Keaton Mitchell,RB,False,,,,24.622,3,4.2615,4.5615,5.7347,13.0,5.435,6.503
00-0036328,Antonio Gibson,RB,False,66.0,3.0,WAS,28.192,6,4.64,4.4856,5.1103,5.0,4.256,4.379
00-0039794,Braelon Allen,RB,False,134.0,4.0,NYJ,22.615,2,3.825,4.3866,5.2983,4.0,4.381,6.906
00-0041104,Demond Claiborne,RB,True,198.0,6.0,MIN,22.897,0,3.2136,4.2611,3.3445,4.263,5.46,5.11
00-0041096,Kaytron Allen,RB,True,187.0,6.0,WAS,23.647,0,3.2136,4.2315,3.6256,4.263,5.466,4.86
00-0040179,DJ Giddens,RB,False,151.0,5.0,IND,23.018,1,1.92,4.1424,5.4,5.0,4.656,5.718
00-0038611,Chris Rodriguez Jr.,RB,False,193.0,6.0,WAS,26.933,3,7.6667,4.14,4.5338,12.0,5.52,6.355
00-0032104,Ameer Abdullah,RB,False,54.0,2.0,DET,33.219,11,2.9154,4.0356,4.0512,13.0,4.323,3.679
00-0040466,Raheim Sanders,RB,False,,,,24.233,1,5.075,3.9911,3.2409,4.0,3.816,3.302
00-0038951,Sean Tucker,RB,False,,,,24.852,3,5.3765,3.9816,4.1735,17.0,6.026,6.016
00-0036265,AJ Dillon,RB,False,62.0,2.0,GNB,28.335,6,1.5167,3.9536,4.3855,6.0,4.174,3.688
00-0038705,Emari Demercado,RB,False,,,,27.615,3,4.8583,3.8425,4.0824,12.0,5.379,5.705
00-0038440,Zavier Scott,RB,False,,,,27.127,3,3.5636,3.6037,2.8847,11.0,4.374,4.817
00-0039796,Rasheen Ali,RB,False,165.0,5.0,BAL,25.539,2,1.6133,3.4554,2.4353,15.0,5.232,5.594
00-0041125,Seth McGowan,RB,True,237.0,7.0,IND,24.857,0,3.2136,3.4545,2.3999,4.263,5.083,3.459
00-0037258,Dameon Pierce,RB,False,107.0,4.0,HOU,26.533,4,0.72,3.2089,4.3519,5.0,3.555,3.191
00-0037276,Ty Chandler,RB,False,169.0,5.0,MIN,28.307,4,2.9333,3.196,3.7212,3.0,3.165,3.052
00-0038040,Zamir White,RB,False,122.0,4.0,LVR,26.955,4,1.92,3.1954,3.5548,5.0,3.283,3.055
00-0040547,Nate Carter,RB,False,,,,24.28,1,2.0,3.0979,3.5747,2.0,3.249,2.598
00-0039021,Roschon Johnson,RB,False,115.0,4.0,CHI,25.583,3,0.2833,3.0639,3.5781,6.0,3.808,3.703
00-0038738,Hunter Luepke,RB,False,,,,26.508,3,2.6429,3.0458,2.3692,14.0,5.161,4.585
00-0033699,Austin Ekeler,RB,False,,,,31.294,9,6.55,3.0294,2.1708,2.0,2.414,1.654
00-0040556,Corey Kiner,RB,False,,,,24.611,1,2.325,2.9657,3.5651,4.0,3.742,3.108
00-0037563,Malik Davis,RB,False,,,,27.765,4,4.06,2.8341,4.0006,10.0,4.169,4.12
00-0039363,Isaac Guerendo,RB,False,129.0,4.0,SFO,26.177,2,0.0,2.8172,3.4043,7.0,4.244,5.606
00-0036984,Trey Sermon,RB,False,88.0,3.0,SFO,27.587,5,0.0,2.7343,4.4323,3.0,3.197,3.065
00-0038397,Evan Hull,RB,False,176.0,5.0,IND,25.849,3,1.0667,2.6889,2.8737,6.0,3.532,3.44
00-0040208,Tahj Brooks,RB,False,193.0,6.0,CIN,24.304,1,0.5333,2.6612,2.7854,12.0,5.046,5.53
00-0040067,Jacardia Wright,RB,False,,,,25.931,1,2.0,2.6534,3.3499,1.0,2.968,2.728
00-0036842,Kene Nwangwu,RB,False,119.0,4.0,MIN,28.559,5,1.09,2.4819,3.5866,10.0,3.269,4.552
00-0040205,Kalel Mullings,RB,False,188.0,6.0,TEN,23.91,1,0.175,2.397,2.6969,4.0,3.433,3.704
00-0040039,Amar Johnson,RB,False,,,,23.584,1,0.8,2.3663,3.0795,1.0,2.854,2.691
00-0039757,Terrell Jennings,RB,False,,,,25.66,2,2.5333,2.2358,3.6408,6.0,2.697,3.361
00-0035291,Trayveon Williams,RB,False,182.0,6.0,CIN,28.871,7,2.85,2.1329,2.8109,6.0,3.009,3.367
00-0039266,Kendall Milton,RB,False,,,,24.556,2,0.2,1.9587,2.6099,1.0,2.434,2.622
00-0036425,DeeJay Dallas,RB,False,144.0,4.0,SEA,27.96,6,0.42,1.9483,3.4934,5.0,3.513,4.334
00-0037329,Brittain Brown,RB,False,250.0,7.0,LVR,28.893,4,4.85,1.9336,3.3621,2.0,2.44,3.635
00-0039407,Dylan Laube,RB,False,208.0,6.0,LVR,26.716,2,0.3353,1.8742,2.054,17.0,5.079,4.717
00-0034367,Nyheim Hines,RB,False,104.0,4.0,IND,29.802,8,-0.05,1.8689,3.4254,4.0,2.255,2.65
00-0040429,Josh Williams,RB,False,,,,26.229,1,0.55,1.7973,2.4235,2.0,2.416,2.132
00-0037120,Tyler Goodson,RB,False,,,,25.808,4,0.52,1.7372,2.1781,10.0,3.594,3.776
00-0038896,Jacob Saylors,RB,False,,,,26.484,3,0.1,1.6213,1.7261,11.0,3.724,4.271
00-0038396,Eric Gray,RB,False,172.0,5.0,NYG,26.826,3,0.0,1.618,2.7098,1.0,2.78,4.094
00-0036906,Khalil Herbert,RB,False,217.0,6.0,CHI,28.365,5,1.32,1.5969,2.3377,5.0,2.965,1.951
00-0040476,Ulysses Bentley IV,RB,False,,,,25.671,1,0.0,1.5918,2.4512,1.0,2.104,2.132
00-0039364,Sione Vaki,RB,False,,,,25.09,2,0.05,1.5169,1.9297,8.0,3.184,3.14
00-0037594,Julius Chestnut,RB,False,,,,25.849,4,0.25,1.4544,2.1903,16.0,4.603,3.991
00-0034681,Chase Edmonds,RB,False,134.0,4.0,ARI,30.385,8,0.0,1.4306,2.8179,3.0,2.086,3.292
00-0038458,Owen Wright,RB,False,,,,27.508,3,0.3,1.3149,2.3533,2.0,1.991,2.132
00-0038409,Lew Nichols III,RB,False,235.0,7.0,GNB,25.044,3,0.0,1.2948,2.1982,1.0,2.09,2.714
00-0031687,Raheem Mostert,RB,False,,,,34.396,11,2.45,1.0391,2.1186,12.0,2.52,3.239
00-0038678,Jordan Mims,RB,False,,,,27.212,3,0.0,0.971,2.2951,1.0,1.35,2.744
00-0036187,Reggie Gilliam,RB,False,,,,29.033,6,0.4364,0.9495,0.9578,11.0,3.137,3.828
00-0033854,Dare Ogunbowale,RB,False,,,,32.329,9,1.7214,0.8944,1.3995,14.0,3.242,3.471
00-0035594,Travis Homer,RB,False,204.0,6.0,SEA,28.069,7,-0.025,0.7281,2.0848,8.0,2.392,2.767
00-0036569,Gary Brightwell,RB,False,196.0,6.0,NYG,28.507,5,0.0,0.6421,2.3533,2.0,1.129,2.482
00-0036950,Avery Williams,RB,False,,,,28.132,5,0.0,0.5586,2.2951,1.0,2.018,4.045
00-0035567,Craig Reynolds,RB,False,,,,30.213,7,0.08,0.471,1.2881,5.0,1.59,1.317
00-0036567,Elijah Mitchell,RB,False,194.0,6.0,SFO,28.335,5,0.0,0.4657,2.3533,1.0,2.476,2.62
00-0035311,Myles Gaskin,RB,False,234.0,7.0,MIA,29.542,7,0.6,0.1022,1.5468,1.0,0.342,1.108
00-0033376,Patrick Ricard,RB,False,,,,32.266,9,0.42,0.0,2.1771,5.0,1.268,1.913
00-0035726,Jakob Johnson,RB,False,,,,31.713,7,0.0,0.0,1.4984,2.0,0.148,1.691
00-0037744,Trey McBride,TE,False,55.0,2.0,ARI,26.777,4,18.5824,13.4525,12.1839,17.0,10.396,1.279
00-0039338,Brock Bowers,TE,False,13.0,1.0,LVR,23.718,2,14.6833,11.9206,11.567,12.0,9.462,8.924
00-0036970,Kyle Pitts,TE,False,4.0,1.0,ATL,25.903,5,12.4,11.7574,11.2806,17.0,11.796,12.195
00-0040128,Tyler Warren,TE,False,14.0,1.0,IND,24.274,1,11.0882,10.8515,11.7501,17.0,10.835,12.957
00-0040663,Harold Fannin Jr.,TE,False,67.0,3.0,CLE,22.117,1,11.65,10.3548,10.5438,16.0,10.046,11.195
00-0039065,Sam LaPorta,TE,False,34.0,2.0,DET,25.635,3,11.8778,8.711,8.0995,9.0,6.589,2.503
00-0038996,Tucker Kraft,TE,False,78.0,3.0,GNB,25.827,3,14.65,8.7108,7.1458,8.0,5.81,1.236
00-0030506,Travis Kelce,TE,False,63.0,3.0,KAN,36.907,13,11.3647,8.5433,9.2042,17.0,5.82,5.501
00-0035229,T.J. Hockenson,TE,False,8.0,1.0,DET,29.164,7,7.52,7.9351,7.8395,15.0,8.513,7.388
00-0036040,Juwan Johnson,TE,False,,,,29.966,6,10.5824,7.9156,10.4707,17.0,7.545,8.735
00-0030061,Zach Ertz,TE,False,35.0,2.0,PHI,35.809,13,9.7231,7.852,7.1047,13.0,5.102,4.671
00-0040736,Mason Taylor,TE,False,42.0,2.0,NYJ,22.317,1,6.8385,7.8296,6.912,13.0,8.776,9.526
00-0038041,Jake Ferguson,TE,False,129.0,4.0,DAL,27.62,4,11.0647,7.745,9.7017,17.0,9.468,10.911
00-0038129,Cade Otton,TE,False,106.0,4.0,TAM,27.382,4,8.1467,7.4009,7.4919,15.0,7.484,7.388
00-0039847,Theo Johnson,TE,False,107.0,4.0,NYG,25.512,2,8.52,7.2916,7.7864,15.0,9.032,8.278
00-0034753,Mark Andrews,TE,False,86.0,3.0,BAL,30.988,8,7.7059,7.1041,9.6479,17.0,8.21,15.05
00-0033885,David Njoku,TE,False,29.0,1.0,CLE,30.144,9,7.8455,6.815,5.1869,11.0,5.425,3.959
00-0037809,Chig Okonkwo,TE,False,143.0,4.0,TEN,26.982,4,7.2941,6.655,7.2996,17.0,8.619,9.596
00-0039066,Michael Mayer,TE,False,35.0,2.0,LVR,25.156,3,5.6769,6.2457,5.3473,13.0,8.884,7.694
00-0040584,Gunnar Helm,TE,False,120.0,4.0,TEN,23.987,1,5.7313,5.9013,5.1677,16.0,8.755,8.31
00-0035644,Noah Fant,TE,False,20.0,1.0,DEN,28.781,7,5.7538,5.7391,5.5845,13.0,7.523,6.808
00-0033357,Taysom Hill,TE,False,,,,36.025,9,3.2138,5.7193,3.2326,13.0,3.027,5.984
00-0034829,Mike Gesicki,TE,False,42.0,2.0,MIA,30.914,8,5.8917,5.6426,5.9975,12.0,5.979,6.055
00-0038558,Darnell Washington,TE,False,93.0,3.0,PIT,25.041,3,5.6462,5.6325,4.6632,13.0,7.304,7.952
00-0041032,Kenyon Sadiq,TE,True,16.0,1.0,NYJ,21.495,0,7.8567,5.5188,9.8314,8.167,6.126,8.985
00-0036423,Albert Okwuegbunam,TE,False,118.0,4.0,DEN,28.354,6,8.6,5.4651,6.4924,1.0,1.895,3.09
00-0037252,Greg Dulcich,TE,False,80.0,3.0,DEN,26.434,4,6.9778,5.389,4.6865,9.0,6.561,7.471
00-0037838,Isaiah Likely,TE,False,139.0,4.0,BAL,26.372,4,5.1417,5.199,5.3916,12.0,6.326,7.556
00-0031610,Darren Waller,TE,False,204.0,6.0,BAL,33.966,11,9.8556,5.086,7.7293,9.0,2.962,2.65
00-0039356,Ja'Tavion Sanders,TE,False,101.0,4.0,CAR,23.434,2,4.5,4.8639,3.4012,12.0,7.786,8.389
00-0041483,Eli Stowers,TE,True,54.0,2.0,PHI,23.382,0,3.6489,4.7078,3.753,4.038,5.131,4.381
00-0041510,Max Klare,TE,True,61.0,2.0,LAR,23.152,0,3.6489,4.6587,3.753,4.038,5.083,4.381
00-0040739,Elijah Arroyo,TE,False,50.0,2.0,SEA,23.409,1,2.8385,4.6167,3.7913,13.0,8.378,8.119
00-0041472,Marlin Klein,TE,True,59.0,2.0,HOU,23.957,0,3.6489,4.6146,3.753,4.038,5.007,4.381
00-0041558,Sam Roush,TE,True,69.0,3.0,CHI,22.987,0,3.6489,4.5639,3.8737,4.038,4.951,4.422
00-0041503,Nate Boerkircher,TE,True,56.0,2.0,JAX,24.992,0,3.6489,4.563,3.4522,4.038,4.915,4.101
00-0041041,Oscar Delp,TE,True,73.0,3.0,NOR,23.078,0,3.6489,4.5251,3.753,4.038,4.905,4.381
00-0041395,Eli Raridon,TE,True,95.0,3.0,NWE,22.552,0,3.6489,4.4135,3.3764,4.038,4.796,4.422
00-0041524,Will Kacmarek,TE,True,87.0,3.0,MIA,23.551,0,3.6489,4.3875,3.1612,4.038,4.734,4.381
00-0039912,Ben Sinnott,TE,False,53.0,2.0,WAS,24.217,2,3.1556,4.138,3.7546,9.0,6.696,5.958
00-0041077,Justin Joly,TE,True,152.0,5.0,DEN,22.147,0,4.3031,4.0769,5.4976,5.25,4.365,3.798
00-0038115,Daniel Bellinger,TE,False,112.0,4.0,NYG,25.942,4,4.5846,4.0632,3.7539,13.0,7.641,7.789
00-0040879,Matthew Hibner,TE,True,133.0,4.0,BAL,24.482,0,4.3031,4.0198,3.0597,5.25,4.256,4.101
00-0041084,Tanner Koziol,TE,True,164.0,5.0,JAX,22.593,0,4.3031,3.9924,3.2533,5.25,4.254,3.798
00-0041081,Max Bredeson,TE,True,159.0,5.0,MIN,23.91,0,4.3031,3.9106,2.9366,5.25,4.119,3.757
00-0040887,Josh Cuevas,TE,True,173.0,5.0,BAL,23.935,0,4.3031,3.8526,2.9366,5.25,4.052,3.698
00-0041398,Riley Nowakowski,TE,True,169.0,5.0,PIT,24.173,0,4.3031,3.8498,2.9366,5.25,4.041,3.757
00-0037805,Jeremy Ruckert,TE,False,101.0,3.0,NYJ,26.057,4,3.35,3.8213,3.4409,14.0,8.065,7.591
00-0041087,Joe Royer,TE,True,170.0,5.0,CLE,24.515,0,4.3031,3.8193,2.9366,5.25,3.995,3.476
00-0041579,Seydou Traore,TE,True,180.0,5.0,MIA,24.055,0,2.5833,3.8165,2.7263,1.6,4.006,3.698
00-0041094,Bauer Sharp,TE,True,185.0,6.0,TAM,23.332,0,2.5833,3.8152,2.7263,1.6,3.997,3.698
00-0037004,Hunter Long,TE,False,81.0,3.0,MIA,28.036,5,4.6429,3.7258,3.0203,7.0,4.774,4.047
00-0041116,Jack Endries,TE,True,221.0,7.0,CIN,22.434,0,2.5833,3.7214,3.1517,1.6,3.886,2.914
00-0038547,Luke Schoonmaker,TE,False,58.0,2.0,DAL,27.927,3,1.9429,3.7011,3.3245,14.0,7.596,6.485
00-0040901,Jaren Kanak,TE,True,225.0,7.0,TEN,22.558,0,2.5833,3.6989,2.7104,1.6,3.856,2.914
00-0039074,Davis Allen,TE,False,175.0,5.0,LAR,25.575,3,4.1867,3.649,3.4201,15.0,7.418,7.899
00-0035249,Josh Oliver,TE,False,69.0,3.0,JAX,29.449,7,4.5833,3.6486,3.2799,12.0,6.03,6.365
00-0039041,Elijah Higgins,TE,False,197.0,6.0,MIA,25.846,3,3.4176,3.6466,3.3032,17.0,8.313,10.601
00-0041131,Carsen Ryan,TE,True,248.0,7.0,CLE,23.031,0,2.5833,3.5904,2.3937,1.6,3.715,2.914
00-0036637,Noah Gray,TE,False,162.0,5.0,KAN,27.341,5,2.7714,3.5898,2.8951,14.0,6.48,7.404
00-0041133,Dallen Bentley,TE,True,256.0,7.0,DEN,25.668,0,2.5833,3.3619,2.093,1.6,3.371,2.141
00-0035631,Drew Sample,TE,False,52.0,2.0,CIN,30.377,7,2.6583,3.1718,2.6542,12.0,6.339,7.123
00-0038046,Charlie Kolar,TE,False,128.0,4.0,BAL,27.557,4,2.7846,3.0633,2.5875,13.0,6.564,6.447
00-0036754,Brock Wright,TE,False,,,,27.762,5,4.6,2.9275,2.4655,8.0,4.644,3.719
00-0036534,Shane Zylstra,TE,False,,,,29.791,5,5.0,2.9081,2.3251,1.0,1.894,1.787
00-0034270,Tyler Conklin,TE,False,157.0,5.0,MIN,31.092,8,2.8833,2.8862,4.0256,6.0,2.43,3.04
00-0036628,John Bates,TE,False,124.0,4.0,WAS,28.819,5,2.73,2.884,2.6775,10.0,5.217,4.828
00-0038720,Julian Hill,TE,False,,,,26.147,3,2.8182,2.8216,2.3509,11.0,6.129,5.209
00-0034613,Tanner Hudson,TE,False,,,,31.804,8,4.78,2.7879,2.3955,10.0,3.993,4.679
00-0039737,Tip Reiman,TE,False,82.0,3.0,ARI,24.956,2,1.6,2.7869,3.1043,3.0,4.553,4.468
00-0040244,Moliki Matavao,TE,False,248.0,7.0,NOR,23.461,1,3.0,2.7534,2.0979,1.0,2.759,2.873
00-0034159,Will Dissly,TE,False,120.0,4.0,SEA,30.15,8,2.5875,2.692,2.5226,8.0,3.746,3.938
00-0040363,Keleki Latu,TE,False,,,,24.053,1,2.5,2.6121,2.3106,3.0,3.299,3.013
00-0034981,Foster Moreau,TE,False,137.0,4.0,OAK,29.323,7,1.8429,2.5739,3.0347,7.0,3.361,2.94
00-0034365,Ian Thomas,TE,False,101.0,4.0,CAR,30.237,8,2.7111,2.5153,2.2988,9.0,4.62,4.402
00-0037086,Grant Calcaterra,TE,False,198.0,6.0,PHI,27.743,4,2.5111,2.4402,2.3441,9.0,4.702,4.688
00-0037306,John FitzPatrick,TE,False,213.0,6.0,ATL,26.481,4,2.2909,2.3788,2.06,11.0,5.485,4.367
00-0037348,Tanner Conner,TE,False,,,,28.452,4,2.2625,2.341,1.9479,8.0,4.33,4.295
00-0038394,Will Mallory,TE,False,162.0,5.0,IND,27.196,3,2.6,2.2728,1.9973,1.0,2.86,2.628
00-0037755,Jelani Woods,TE,False,73.0,3.0,IND,27.897,4,0.7,2.2624,2.6974,2.0,3.184,3.074
00-0037475,Stone Smartt,TE,False,,,,27.91,4,2.0333,2.2519,1.9579,6.0,3.354,2.838
00-0038809,Ben Sims,TE,False,,,,26.295,3,2.0,2.2208,2.4085,3.0,2.85,2.298
00-0040628,Drake Dabney,TE,False,,,,24.302,1,1.3,2.1028,2.3245,1.0,2.662,2.686
00-0036876,Kylen Granson,TE,False,127.0,4.0,IND,28.433,5,0.9167,2.0939,2.3723,12.0,6.225,5.447
00-0039530,Brevyn Spann-Ford,TE,False,,,,26.681,2,1.5,2.0518,2.1828,16.0,7.644,5.422
00-0037015,Sal Cannella,TE,False,,,,29.747,1,1.55,2.0427,2.3605,2.0,2.346,1.461
00-0033217,Mo Alie-Cox,TE,False,,,,32.951,9,2.7909,1.9432,1.7852,11.0,3.961,3.203
00-0037539,Lucas Krull,TE,False,,,,28.143,4,1.75,1.9168,1.8942,2.0,1.921,1.729
00-0039824,Jared Wiley,TE,False,131.0,4.0,KAN,25.829,2,0.7,1.9026,2.4043,2.0,3.284,5.277
00-0039050,Payne Durham,TE,False,171.0,5.0,TAM,26.213,3,0.2625,1.8864,2.1708,8.0,4.467,3.701
00-0039754,Devin Culp,TE,False,246.0,7.0,TAM,26.58,2,1.9,1.8482,2.3525,4.0,2.644,2.772
00-0036332,Josiah Deguara,TE,False,94.0,3.0,GNB,29.545,6,1.5857,1.8379,1.5808,7.0,4.652,3.754
00-0036429,Charlie Woerner,TE,False,190.0,6.0,SFO,28.877,6,1.8286,1.8006,2.1093,7.0,4.059,3.754
00-0038564,Cameron Latu,TE,False,101.0,3.0,SFO,26.519,3,0.0,1.7716,2.4043,10.0,6.002,4.588
00-0039458,Brenden Bates,TE,False,,,,26.878,2,1.76,1.7694,1.48,5.0,3.857,3.427
00-0040509,Ben Yurosek,TE,False,,,,24.46,1,0.5667,1.7362,2.039,6.0,4.307,4.323
00-0039631,Cam Grandy,TE,False,,,,26.785,2,1.35,1.7231,1.7556,2.0,2.612,3.634
00-0037340,Zaire Mitchell-Paden,TE,False,,,,27.034,4,1.2333,1.7077,1.3888,3.0,2.396,2.256
00-0033246,Johnny Mundt,TE,False,,,,31.773,9,1.675,1.7045,2.2311,12.0,3.912,4.396
00-0036590,Quintin Morris,TE,False,,,,27.612,5,1.5909,1.6599,1.201,11.0,5.299,4.131
00-0037292,Andrew Ogletree,TE,False,192.0,6.0,IND,28.096,4,1.1545,1.6413,1.7228,11.0,5.598,4.535
00-0036741,Jack Stoll,TE,False,,,,28.592,5,1.8444,1.5872,1.4861,9.0,4.583,3.943
00-0038710,Blake Whiteheart,TE,False,,,,26.445,3,0.2667,1.5651,1.337,9.0,4.634,3.616
00-0040488,Carter Runyon,TE,False,,,,25.109,1,0.4333,1.5442,1.7383,3.0,3.228,4.323
00-0033455,Anthony Firkser,TE,False,,,,31.532,9,2.66,1.5344,1.7068,5.0,2.165,2.634
00-0039648,David Martin-Robinson,TE,False,,,,26.684,2,1.1818,1.5274,1.5414,11.0,5.931,4.292
00-0039686,Colson Yankoff,TE,False,,,,26.503,2,0.38,1.4588,1.7383,10.0,5.213,4.292
00-0040225,Thomas Fidone II,TE,False,219.0,7.0,NYG,23.948,1,0.0,1.3874,2.039,1.0,2.798,2.873
00-0040058,Nick Kallerup,TE,False,,,,25.432,1,0.0,1.349,1.7383,4.0,3.515,3.609
00-0037277,Teagan Quitoriano,TE,False,170.0,5.0,HOU,26.465,4,0.0,1.3028,2.2811,2.0,2.608,2.47
00-0038590,Justin Shorter,TE,False,150.0,5.0,BUF,26.374,3,0.0,1.2946,2.4043,3.0,3.358,2.911
00-0039489,Hayden Rucci,TE,False,,,,25.594,2,0.0,1.237,1.7383,1.0,2.295,2.141
00-0038498,E.J. Jenkins,TE,False,,,,27.828,3,0.0,1.2279,1.5082,1.0,1.321,1.378
00-0038456,Travis Vokolek,TE,False,,,,28.244,3,0.0,0.9831,1.5082,1.0,1.785,1.792
00-0036825,Feleipe Franks,TE,False,,,,28.693,5,0.04,0.9067,1.9295,10.0,4.786,4.264
00-0038643,Brayden Willis,TE,False,247.0,7.0,SFO,26.807,3,0.0,0.8983,1.7383,6.0,3.88,3.321
00-0038735,Princeton Fant,TE,False,,,,27.478,3,0.0,0.8944,1.5082,1.0,1.994,1.792
00-0037031,Nikola Kalinic,TE,False,,,,29.61,4,0.0,0.8312,1.5064,2.0,1.765,1.75
00-0037311,Ko Kieft,TE,False,218.0,6.0,TAM,28.614,4,0.0,0.7885,1.5082,2.0,2.25,1.75
00-0034073,Ross Dwelley,TE,False,,,,31.598,8,0.675,0.7877,1.3547,4.0,1.705,2.903
00-0035956,Giovanni Ricci,TE,False,,,,29.876,6,0.0,0.7722,1.3788,2.0,1.348,1.562
00-0033757,Robert Tonyan,TE,False,,,,32.34,9,0.55,0.6562,1.5064,2.0,0.505,1.665
00-0033439,Pharaoh Brown,TE,False,,,,32.329,9,0.42,0.5978,1.3699,5.0,1.745,2.824
00-0031484,Chris Manhertz,TE,False,,,,34.394,11,0.425,0.3842,1.293,4.0,0.652,1.757
00-0024243,Marcedes Lewis,TE,False,28.0,1.0,JAX,42.287,20,0.0,0.384,1.7699,1.0,0.0,1.953
00-0036900,Ja'Marr Chase,WR,False,5.0,1.0,CIN,26.503,5,19.6,17.7263,16.0606,16.0,10.191,5.883
00-0037238,Drake London,WR,False,8.0,1.0,ATL,25.107,4,16.825,14.8354,15.8538,12.0,9.01,8.507
00-0036963,Amon-Ra St. Brown,WR,False,112.0,4.0,DET,26.856,5,19.0588,14.3359,14.7729,17.0,9.687,7.438
00-0037239,Chris Olave,WR,False,11.0,1.0,NOR,26.18,4,16.75,14.3308,13.4758,16.0,10.715,9.848
00-0037247,George Pickens,WR,False,52.0,2.0,PIT,25.495,4,17.1706,14.2255,14.6978,17.0,10.459,8.594
00-0036358,CeeDee Lamb,WR,False,17.0,1.0,DAL,27.401,6,15.4538,13.3922,13.9539,13.0,8.514,5.534
00-0039064,Zay Flowers,WR,False,22.0,1.0,BAL,25.972,3,14.3118,13.3088,12.2656,17.0,10.545,10.531
00-0039337,Malik Nabers,WR,False,6.0,1.0,NYG,23.097,2,14.275,12.784,14.9429,4.0,6.078,6.351
00-0037240,Jameson Williams,WR,False,12.0,1.0,DET,25.435,4,12.9353,12.7661,13.0546,17.0,9.92,10.914
00-0036613,Jaylen Waddle,WR,False,6.0,1.0,MIA,27.768,5,12.1325,12.5033,11.3607,16.0,9.532,9.951
00-0039849,Marvin Harrison Jr.,WR,False,4.0,1.0,ARI,24.058,2,10.65,12.1218,10.2751,12.0,8.46,8.563
00-0038117,Wan'Dale Robinson,WR,False,43.0,2.0,NYG,25.654,4,13.6188,12.0771,11.9043,16.0,9.544,9.818
00-0040129,Emeka Egbuka,WR,False,19.0,1.0,TAM,23.883,1,11.5118,12.0365,11.2344,17.0,10.524,10.14
00-0036410,Tee Higgins,WR,False,33.0,2.0,CIN,27.62,6,14.1067,11.9196,13.0577,15.0,7.624,4.934
00-0036322,Justin Jefferson,WR,False,22.0,1.0,MIN,27.212,6,11.8529,11.8618,9.5534,17.0,9.388,8.643
00-0037740,Garrett Wilson,WR,False,10.0,1.0,NYJ,26.111,4,14.2143,11.7565,11.1454,7.0,6.273,7.168
00-0039067,Rashee Rice,WR,False,55.0,2.0,KAN,26.361,3,18.7625,11.5506,13.7168,8.0,5.935,6.261
00-0037664,Alec Pierce,WR,False,53.0,2.0,IND,26.333,4,12.22,10.8647,11.131,15.0,9.332,8.991
00-0038994,Jordan Addison,WR,False,23.0,1.0,MIN,24.595,3,9.65,10.3009,10.268,14.0,8.814,8.776
00-0036252,Michael Pittman,WR,False,34.0,2.0,IND,28.907,6,11.9059,10.2175,9.236,17.0,8.294,7.906
00-0038559,Michael Wilson,WR,False,94.0,3.0,ARI,26.522,3,12.9765,10.0556,9.8343,17.0,9.578,10.186
00-0036407,Jerry Jeudy,WR,False,15.0,1.0,DEN,27.357,6,7.1,9.8746,6.7972,17.0,7.611,6.412
00-0031408,Mike Evans,WR,False,7.0,1.0,TAM,33.03,12,10.6,9.322,8.498,8.0,4.352,5.142
00-0035719,Deebo Samuel Sr.,WR,False,36.0,2.0,SFO,30.629,7,11.7625,9.143,8.8824,16.0,7.267,6.713
00-0039894,Xavier Worthy,WR,False,28.0,1.0,KAN,23.349,2,7.85,9.1407,9.5718,14.0,9.112,8.649
00-0039868,Troy Franklin,WR,False,102.0,4.0,DEN,23.568,2,10.4176,8.9437,9.5982,17.0,8.819,9.171
00-0035659,Terry McLaurin,WR,False,76.0,3.0,WAS,30.963,7,11.42,8.893,8.7184,10.0,6.067,6.427
00-0038997,Josh Downs,WR,False,79.0,3.0,IND,25.055,3,8.65,8.7184,8.7311,16.0,7.703,9.525
00-0038563,Tre Tucker,WR,False,100.0,3.0,LVR,25.484,3,9.5118,8.5628,8.1877,17.0,9.12,9.171
00-0035662,Marquise Brown,WR,False,25.0,1.0,BAL,29.244,7,8.6062,8.5288,7.5553,16.0,7.361,6.679
00-0033040,Tyreek Hill,WR,False,165.0,5.0,KAN,32.504,10,13.375,8.0903,7.8208,4.0,3.523,3.554
00-0033921,Chris Godwin Jr.,WR,False,84.0,3.0,TAM,30.511,9,9.2222,7.9798,7.865,9.0,3.568,5.37
00-0041438,Carnell Tate,WR,True,4.0,1.0,TEN,21.616,0,9.5219,7.7809,9.2131,8.623,7.229,8.962
00-0040170,Elic Ayomanor,WR,False,136.0,4.0,TEN,23.248,1,7.2812,7.4612,6.4917,16.0,8.336,7.641
00-0034837,Calvin Ridley,WR,False,26.0,1.0,ATL,31.699,8,6.7571,7.4089,8.266,7.0,4.474,3.91
00-0041029,Jordyn Tyson,WR,True,8.0,1.0,NOR,22.054,0,9.5219,7.2377,8.9308,8.623,7.214,8.962
00-0039890,Adonai Mitchell,WR,False,52.0,2.0,IND,23.899,2,5.4938,6.9529,7.4242,16.0,8.64,7.257
00-0039855,Jalen McMillan,WR,False,92.0,3.0,TAM,24.734,2,7.475,6.7074,5.3677,4.0,5.285,4.582
00-0040705,Chimere Dike,WR,False,103.0,4.0,TEN,24.715,1,7.5353,6.69,5.683,17.0,8.041,8.017
00-0038104,Tyquan Thornton,WR,False,50.0,2.0,NWE,26.068,4,6.7333,6.6196,7.6601,12.0,7.013,7.31
00-0040867,Makai Lemon,WR,True,20.0,1.0,PHI,22.248,0,9.5219,6.5169,8.9308,8.623,7.217,6.611
00-0041547,KC Concepcion,WR,True,24.0,1.0,CLE,21.936,0,9.5219,6.4244,8.9308,8.623,7.256,8.962
00-0036550,Rashod Bateman,WR,False,27.0,1.0,BAL,26.758,5,4.2615,6.1978,5.606,13.0,6.476,6.881
00-0041511,Omar Cooper Jr.,WR,True,30.0,1.0,NYJ,22.716,0,9.5219,6.1155,7.9401,8.623,7.148,6.242
00-0037614,John Metchie III,WR,False,44.0,2.0,HOU,26.122,4,5.5308,6.0877,6.18,13.0,6.475,7.156
00-0036309,Darnell Mooney,WR,False,173.0,5.0,CHI,28.841,6,5.4867,6.0533,5.2235,15.0,5.706,4.723
00-0038979,Cedric Tillman,WR,False,74.0,3.0,CLE,26.369,3,5.0,6.0258,5.23,12.0,5.811,6.364
00-0040669,Isaac TeSlaa,WR,False,70.0,3.0,DET,24.529,1,5.4214,5.9456,4.0782,14.0,6.972,5.901
00-0040648,Tory Horton,WR,False,166.0,5.0,SEA,23.757,1,8.1375,5.8607,5.1453,8.0,4.881,5.073
00-0041037,Denzel Boston,WR,True,39.0,2.0,CLE,22.738,0,9.5219,5.8065,6.5338,8.623,6.946,6.242
00-0041035,De'Zhaun Stribling,WR,True,33.0,2.0,SFO,23.705,0,9.5219,5.7844,7.3052,8.623,6.834,6.242
00-0040311,Theo Wease Jr.,WR,False,,,,25.186,1,8.6333,5.7368,5.7439,3.0,3.82,3.613
00-0035535,Darius Slayton,WR,False,171.0,5.0,NYG,29.635,7,7.0571,5.6833,4.8772,14.0,5.737,4.905
00-0041489,Germie Bernard,WR,True,47.0,2.0,PIT,22.749,0,9.5219,5.6476,6.5338,8.623,6.924,6.242
00-0036415,Van Jefferson,WR,False,57.0,2.0,LAR,30.101,6,5.0,5.6061,4.5177,14.0,6.291,5.031
00-0038393,Dontayvion Wicks,WR,False,159.0,5.0,GNB,25.211,3,5.8308,5.5167,4.8171,13.0,6.144,6.117
00-0036988,Josh Palmer,WR,False,77.0,3.0,LAC,26.944,5,4.3583,5.445,5.2243,12.0,5.659,6.194
00-0041040,Antonio Williams,WR,True,71.0,3.0,WAS,22.133,0,4.9589,5.301,4.9689,7.364,6.747,6.126
00-0032385,Sterling Shepard,WR,False,40.0,2.0,NYG,33.556,10,6.3077,5.2988,5.5161,13.0,4.693,4.04
00-0039355,Luke McCaffrey,WR,False,100.0,3.0,WAS,25.416,2,5.7,5.2038,4.3885,9.0,5.276,4.953
00-0040870,Ja'Kobi Lane,WR,True,80.0,3.0,BAL,22.073,0,4.9589,5.2033,4.578,7.364,6.722,5.96
00-0037742,Treylon Burks,WR,False,18.0,1.0,TEN,26.443,4,3.625,5.1939,5.1233,8.0,4.898,3.973
00-0040729,Jack Bech,WR,False,58.0,2.0,LVR,23.705,1,3.0286,5.163,4.9301,14.0,7.237,7.315
00-0041044,Zachariah Branch,WR,True,79.0,3.0,ATL,22.426,0,4.9589,5.1562,4.4306,7.364,6.68,6.126
00-0041048,Ted Hurst,WR,True,84.0,3.0,TAM,22.166,0,4.9589,5.1433,4.578,7.364,6.696,5.96
00-0037666,Jalen Tolbert,WR,False,88.0,3.0,DAL,27.51,4,3.8583,5.1197,4.1789,12.0,5.358,5.693
00-0041042,Malachi Fields,WR,True,74.0,3.0,NYG,23.018,0,4.9589,5.1173,4.4337,7.364,6.622,5.973
00-0041523,Caleb Douglas,WR,True,75.0,3.0,MIA,22.979,0,4.9589,5.1116,4.4337,7.364,6.623,5.973
00-0038619,Andrei Iosivas,WR,False,206.0,6.0,CIN,26.881,3,5.9933,5.0717,5.1877,15.0,6.131,6.682
00-0041047,Chris Brazzell II,WR,True,83.0,3.0,CAR,22.859,0,4.9589,5.0394,4.3846,7.364,6.609,5.807
00-0041525,Chris Bell,WR,True,94.0,3.0,MIA,22.235,0,4.9589,5.0278,4.4868,7.364,6.649,5.96
00-0041051,Zavion Thomas,WR,True,89.0,3.0,CHI,22.547,0,4.9589,5.0269,4.2935,7.364,6.627,5.807
00-0039424,Devaughn Vele,WR,False,235.0,7.0,DEN,28.721,2,7.3667,4.9676,3.982,9.0,4.431,5.088
00-0040782,Isaiah Bond,WR,False,,,,22.465,1,3.6467,4.9495,5.2445,15.0,7.439,6.377
00-0037291,Jalen Nailor,WR,False,191.0,6.0,MIN,27.502,4,5.9235,4.9461,5.1889,17.0,6.512,7.475
00-0039739,Roman Wilson,WR,False,84.0,3.0,PIT,25.202,2,4.2889,4.9345,3.537,9.0,5.444,4.953
00-0039410,Ryan Flournoy,WR,False,216.0,6.0,DAL,26.848,2,7.6,4.9182,5.3268,15.0,6.59,6.778
00-0040237,Tez Johnson,WR,False,235.0,7.0,TAM,24.291,1,6.16,4.8914,5.0544,15.0,6.206,6.582
00-0030564,DeAndre Hopkins,WR,False,27.0,1.0,HOU,34.238,13,3.9412,4.8404,6.2243,17.0,5.166,5.055
00-0036626,Dyami Brown,WR,False,82.0,3.0,WAS,26.834,5,4.5182,4.6946,3.9932,11.0,5.64,5.534
00-0041550,Brenen Thompson,WR,True,105.0,4.0,LAC,23.105,0,3.6034,4.6896,3.801,6.639,6.312,5.807
00-0033857,JuJu Smith-Schuster,WR,False,62.0,2.0,PIT,29.775,9,4.3235,4.6609,3.985,17.0,5.871,5.242
00-0039880,Malik Washington,WR,False,184.0,6.0,MIA,25.865,2,6.8647,4.6261,3.965,17.0,7.103,5.059
00-0040876,Elijah Sarratt,WR,True,115.0,4.0,BAL,23.264,0,3.6034,4.5758,3.3564,6.639,6.251,5.807
00-0036849,Tutu Atwell,WR,False,57.0,2.0,LAR,26.903,5,3.9,4.5288,4.3753,8.0,4.598,4.583
00-0039792,Devontez Walker,WR,False,113.0,4.0,BAL,25.202,2,4.7,4.464,2.9196,8.0,4.647,4.148
00-0033891,Zay Jones,WR,False,37.0,2.0,BUF,31.426,9,5.05,4.4541,5.5421,6.0,3.245,3.147
00-0041070,Reggie Virgil,WR,True,143.0,5.0,ARI,22.3,0,3.6034,4.4296,3.7501,6.639,6.08,5.452
00-0041443,Skyler Bell,WR,True,125.0,4.0,BUF,24.159,0,3.6034,4.3458,2.3369,6.639,6.095,4.441
00-0037231,Kevin Austin Jr.,WR,False,,,,26.424,4,6.6,4.3304,4.044,5.0,3.653,3.888
00-0041397,Kaden Wetjen,WR,True,121.0,4.0,PIT,24.482,0,3.6034,4.3243,2.3371,6.639,6.069,4.16
00-0041067,Bryce Lance,WR,True,136.0,4.0,NOR,24.033,0,3.6034,4.2826,1.9967,6.639,6.065,4.441
00-0040164,Jaylin Lane,WR,False,128.0,4.0,WAS,24.337,1,3.4133,4.2809,3.7576,15.0,6.858,6.186
00-0041446,Kendrick Law,WR,True,168.0,5.0,DET,22.218,0,3.6034,4.276,3.7501,6.639,5.983,5.452
00-0041069,Colbie Young,WR,True,140.0,4.0,CIN,24.107,0,3.6034,4.2411,2.3369,6.639,6.039,4.344
00-0032211,Tyler Lockett,WR,False,69.0,3.0,SEA,33.925,11,3.9471,4.1931,3.3236,17.0,4.742,3.219
00-0040277,Jahdae Walker,WR,False,,,,24.159,1,4.45,4.1912,2.8304,6.0,4.221,3.28
00-0041529,Kevin Coleman Jr.,WR,True,177.0,5.0,MIA,22.977,0,2.5495,4.0947,3.2149,3.816,5.846,5.299
00-0040522,Xavier Restrepo,WR,False,,,,24.389,1,3.55,4.092,3.1342,2.0,3.825,2.811
00-0040581,Dont'e Thornton Jr.,WR,False,108.0,4.0,LVR,23.754,1,2.1364,4.0337,4.3814,11.0,6.084,6.222
00-0040890,Cyrus Allen,WR,True,176.0,5.0,KAN,23.554,0,2.5495,4.005,3.2149,3.816,5.775,5.299
00-0041099,Barion Brown,WR,True,190.0,6.0,NOR,22.722,0,2.5495,3.9706,3.5567,3.816,5.641,4.84
00-0037801,KaVontae Turpin,WR,False,,,,30.081,4,5.6333,3.89,3.7388,15.0,6.254,4.856
00-0038891,Shedrick Jackson,WR,False,,,,26.867,3,5.3,3.8877,2.892,3.0,3.04,3.477
00-0041100,Josh Cameron,WR,True,191.0,6.0,JAX,23.458,0,2.5495,3.8428,3.2149,3.816,5.541,4.84
00-0041467,Lewis Bond,WR,True,204.0,6.0,HOU,23.261,0,2.5495,3.8025,3.2149,3.816,5.509,4.84
00-0040895,Emmanuel Henderson Jr.,WR,True,199.0,6.0,SEA,23.45,0,2.5495,3.7988,3.2149,3.816,5.507,4.84
00-0040894,Malik Benson,WR,True,195.0,6.0,LVR,23.875,0,2.5495,3.751,3.0938,3.816,5.47,4.84
00-0036427,Tyler Johnson,WR,False,161.0,5.0,TAM,28.02,6,4.1889,3.7458,3.835,9.0,3.632,3.315
00-0034983,Hunter Renfrow,WR,False,149.0,5.0,OAK,30.697,7,5.9833,3.735,2.3782,6.0,2.525,2.575
00-0038839,Mitchell Tinsley,WR,False,,,,26.963,3,3.95,3.7128,3.0203,8.0,4.236,3.436
00-0041106,CJ Williams,WR,True,203.0,6.0,JAX,23.858,0,2.5495,3.7091,3.2149,3.816,5.436,4.84
00-0040406,Quentin Skinner,WR,False,,,,24.688,1,4.0,3.7083,2.3335,1.0,3.228,2.691
00-0039920,Malachi Corley,WR,False,65.0,3.0,NYJ,24.45,2,2.6333,3.6631,2.521,12.0,6.145,4.535
00-0035500,Greg Dortch,WR,False,,,,28.261,7,6.2583,3.6238,2.7377,12.0,3.866,3.209
00-0041399,CJ Daniels,WR,True,197.0,6.0,LAR,24.658,0,2.5495,3.6099,2.2622,3.816,5.359,3.604
00-0040317,Jacoby Jones,WR,False,,,,25.123,1,3.5,3.5975,3.1899,1.0,3.116,2.691
00-0039062,Jonathan Mingo,WR,False,39.0,2.0,CAR,25.367,3,0.7,3.5616,4.3553,5.0,3.825,3.101
00-0039451,Isaiah Williams,WR,False,,,,25.588,2,4.0467,3.5258,3.6378,15.0,6.405,7.262
00-0038728,Jared Wayne,WR,False,,,,25.901,3,4.0,3.4446,3.1342,1.0,2.585,2.562
00-0040900,Anthony Smith,WR,True,218.0,7.0,DAL,24.504,0,2.5495,3.4321,2.2622,3.816,5.105,3.472
00-0041132,Deion Burks,WR,True,254.0,7.0,IND,23.647,0,2.5495,3.3951,3.2149,3.816,5.054,4.708
00-0037524,Tay Martin,WR,False,,,,28.715,4,2.15,3.3471,1.8867,2.0,1.084,3.359
00-0034860,Dante Pettis,WR,False,44.0,2.0,SFO,30.859,8,2.4625,3.2874,3.8713,8.0,2.979,1.952
00-0038938,Jalin Hyatt,WR,False,73.0,3.0,NYG,24.934,3,1.4167,3.2343,3.2254,6.0,4.043,3.011
00-0032398,Chris Moore,WR,False,107.0,4.0,BAL,33.211,10,3.86,3.2336,3.172,10.0,3.28,3.509
00-0033943,Josh Reynolds,WR,False,117.0,4.0,LAR,31.541,9,4.62,3.2308,2.6261,5.0,2.163,2.227
00-0040172,Jordan Watkins,WR,False,138.0,4.0,SFO,24.543,1,2.3,3.207,2.7557,2.0,3.398,3.281
00-0040009,Savion Williams,WR,False,87.0,3.0,GNB,24.775,1,2.125,3.1566,3.136,12.0,6.6,4.632
00-0035359,David Sills,WR,False,,,,31.261,7,4.0917,3.156,2.8671,12.0,4.009,3.759
00-0040388,Jakobie Keeney-James,WR,False,,,,25.931,1,3.5,3.1341,2.6729,1.0,2.763,2.691
00-0036182,Nick Westbrook-Ikhine,WR,False,,,,29.449,6,1.5308,3.0968,2.5954,13.0,3.663,3.435
00-0036959,Michael Bandy,WR,False,,,,28.74,5,3.75,3.0568,1.6367,4.0,2.483,2.589
00-0032464,Kalif Raymond,WR,False,,,,32.066,10,4.4533,3.029,2.888,15.0,4.099,4.076
00-0039394,Casey Washington,WR,False,187.0,6.0,ATL,25.49,2,3.08,2.9381,2.8193,5.0,3.424,3.509
00-0040582,Arian Smith,WR,False,110.0,4.0,NYJ,24.89,1,1.0385,2.9125,2.8198,13.0,5.872,4.668
00-0040154,Tai Felton,WR,False,102.0,3.0,MIN,23.467,1,0.4583,2.8889,3.7735,12.0,5.818,5.869
00-0036165,Isaiah Hodgins,WR,False,207.0,6.0,BUF,27.864,6,4.5833,2.8743,3.0897,6.0,2.615,2.258
00-0039379,Jamari Thrash,WR,False,156.0,5.0,CLE,25.701,2,2.5875,2.8188,2.8193,8.0,4.164,3.531
00-0034521,Allen Lazard,WR,False,,,,30.725,8,2.5556,2.8171,2.4007,9.0,1.95,1.608
00-0038465,Malik Heath,WR,False,,,,26.421,3,2.0857,2.7821,2.3335,7.0,3.839,2.751
00-0036620,Dee Eskridge,WR,False,56.0,2.0,SEA,29.443,5,0.9273,2.7443,2.5379,11.0,4.316,4.898
00-0040259,Gage Larvadain,WR,False,,,,23.661,1,1.1077,2.6764,3.3242,13.0,5.759,5.792
00-0040646,Jalen Royals,WR,False,133.0,4.0,KAN,23.535,1,1.2,2.6199,3.587,2.0,3.188,4.223
00-0040184,KeAndre Lambert-Smith,WR,False,158.0,5.0,LAC,24.877,1,1.61,2.5889,2.2959,10.0,4.702,4.177
00-0039623,Mason Tipton,WR,False,,,,25.928,2,2.55,2.5197,2.7926,8.0,4.251,2.07
00-0032951,Laquon Treadwell,WR,False,23.0,1.0,MIN,31.218,10,0.0,2.4732,5.4271,6.0,2.357,2.772
00-0039521,Xavier Weaver,WR,False,,,,25.887,2,1.9571,2.4123,2.6729,7.0,3.832,3.326
00-0038647,Ronnie Bell,WR,False,253.0,7.0,SFO,26.593,3,5.15,2.3422,2.7557,2.0,1.485,3.986
00-0033591,Noah Brown,WR,False,239.0,7.0,DAL,30.654,9,3.325,2.3388,2.8002,4.0,0.563,2.125
00-0036630,Tylan Wallace,WR,False,131.0,4.0,BAL,27.305,5,1.3182,2.3377,2.2281,11.0,4.24,4.389
00-0035639,Parris Campbell,WR,False,59.0,2.0,IND,29.129,7,0.0,2.3259,2.3762,1.0,1.127,2.957
00-0035645,Gunner Olszewski,WR,False,,,,29.764,7,2.2388,2.3121,1.8855,16.0,5.145,2.562
00-0040432,Beaux Collins,WR,False,,,,23.71,1,1.125,2.2548,3.587,4.0,3.352,3.724
00-0035891,Cody White,WR,False,,,,27.76,6,2.25,2.2353,2.2537,8.0,2.619,2.114
00-0038953,Dylan Drummond,WR,False,,,,26.623,3,1.8667,2.2078,2.6729,6.0,3.238,1.854
00-0039589,Kameron Johnson,WR,False,,,,24.46,2,1.0412,2.1785,2.1048,17.0,5.966,6.632
00-0034407,Ray-Ray McCloud,WR,False,187.0,6.0,BUF,29.879,8,2.3167,2.176,2.3919,6.0,1.237,0.934
00-0036841,Austin Trammell,WR,False,,,,28.162,5,1.2667,2.1058,2.1963,6.0,1.957,2.164
00-0038824,Ryan Miller,WR,False,,,,26.53,3,1.2667,2.0292,2.171,9.0,3.835,3.466
00-0039650,Bryce Oliver,WR,False,,,,26.287,2,0.9,2.0124,2.2259,2.0,2.235,2.562
00-0035021,Ashton Dulin,WR,False,,,,29.298,7,1.6667,2.0037,1.7931,12.0,3.922,3.821
00-0038496,Xavier Gipson,WR,False,,,,25.484,3,0.4333,1.92,2.0917,6.0,3.275,2.751
00-0040534,Ke'Shawn Williams,WR,False,,,,24.679,1,0.2273,1.8518,2.1344,11.0,4.96,3.795
00-0035298,Scott Miller,WR,False,208.0,6.0,TAM,29.088,7,3.04,1.85,2.0676,5.0,1.692,1.877
00-0038640,Jalen Brooks,WR,False,244.0,7.0,DAL,26.32,3,1.62,1.846,2.3787,5.0,2.241,2.751
00-0040506,Myles Price,WR,False,,,,24.71,1,0.0,1.8415,2.1048,16.0,5.96,6.64
00-0039816,Anthony Gould,WR,False,142.0,5.0,IND,25.405,2,0.2364,1.7903,1.8126,11.0,4.321,3.996
00-0034386,Justin Watson,WR,False,144.0,5.0,TAM,30.41,8,2.0,1.7655,2.0203,3.0,1.38,1.934
00-0040629,Dalevon Campbell,WR,False,,,,24.74,1,0.0,1.7617,2.171,1.0,2.51,2.691
00-0037487,Deven Thompkins,WR,False,,,,26.692,4,0.8857,1.7569,2.1663,7.0,2.868,2.824
00-0039884,Tahj Washington,WR,False,241.0,7.0,MIA,25.296,2,2.35,1.7038,2.6729,2.0,1.733,2.041
00-0036176,Mason Kinsey,WR,False,,,,28.009,6,1.1333,1.6966,2.2537,6.0,2.466,2.169
00-0040431,Dalen Cambre,WR,False,,,,25.394,1,0.0,1.6632,2.171,3.0,2.884,2.691
00-0037091,Bo Melton,WR,False,229.0,7.0,SEA,27.291,4,1.8615,1.6388,2.3136,13.0,4.147,3.627
00-0036497,Tim Jones,WR,False,,,,28.299,5,1.25,1.63,1.557,2.0,1.628,2.497
00-0038740,Jalen Moreno-Cropper,WR,False,,,,25.331,3,0.0,1.61,2.171,2.0,2.312,2.562
00-0038519,Nikko Remigio,WR,False,,,,26.826,3,0.3,1.6076,2.0498,14.0,4.995,3.594
00-0038576,Charlie Jones,WR,False,131.0,4.0,CIN,27.842,3,0.4286,1.5857,2.1048,14.0,4.691,4.011
00-0032688,Robbie Chosen,WR,False,,,,33.315,10,3.4333,1.4972,2.004,3.0,0.651,1.518
00-0036133,James Proche,WR,False,201.0,6.0,BAL,29.947,6,2.0833,1.4884,2.1226,6.0,2.18,2.6
00-0040075,LaJohntay Wester,WR,False,203.0,6.0,BAL,24.428,1,0.0,1.4715,2.1048,14.0,5.08,3.854
00-0039710,Jeshaun Jones,WR,False,,,,26.695,2,0.0,1.4084,2.171,1.0,2.081,2.562
00-0034418,Cedrick Wilson Jr.,WR,False,208.0,6.0,DAL,30.782,8,1.5667,1.2925,1.9544,6.0,1.237,2.513
00-0036527,DJ Turner,WR,False,,,,29.619,5,0.0,1.2883,1.4524,1.0,0.802,2.4
00-0035544,Tom Kennedy,WR,False,,,,30.092,7,1.2667,1.2603,1.557,6.0,1.97,1.952
00-0040352,Coleman Owen,WR,False,,,,25.443,1,0.0,1.256,2.171,2.0,2.371,2.267
00-0034487,Trent Sherfield,WR,False,,,,30.514,8,1.275,1.249,1.627,4.0,1.439,1.311
00-0038492,Jason Brownlee,WR,False,,,,27.587,3,0.0,1.224,2.171,3.0,2.253,2.227
00-0040241,Dominic Lovett,WR,False,244.0,7.0,DET,23.814,1,0.0,1.2123,3.1236,2.0,2.038,3.927
00-0035876,Andre Baccellia,WR,False,,,,29.649,5,0.7,1.1413,1.5818,4.0,1.941,2.048
00-0036646,Simi Fehoko,WR,False,179.0,5.0,DAL,28.822,5,0.0,1.0435,1.4524,7.0,2.007,2.92
00-0034854,KhaDarel Hodge,WR,False,,,,32.66,8,0.7625,0.9924,1.627,8.0,1.903,1.424
00-0037380,Kaden Davis,WR,False,,,,27.935,4,0.0,0.9612,2.171,1.0,1.128,2.497
00-0036463,Chris Blair,WR,False,,,,28.904,5,0.0,0.9494,1.502,1.0,0.763,2.497
00-0035602,Alex Bachman,WR,False,,,,30.259,7,0.2909,0.9359,1.4152,11.0,2.755,2.535
00-0034928,Steven Sims,WR,False,,,,29.422,7,0.0,0.8122,1.502,3.0,1.321,1.763
00-0033589,David Moore,WR,False,226.0,7.0,SEA,31.628,9,0.9,0.7813,1.6511,3.0,0.0,3.064
00-0038911,Malik Cunningham,WR,False,,,,27.905,3,0.1,0.658,2.0814,1.0,1.826,2.731
00-0034054,River Cracraft,WR,False,,,,31.834,9,0.0,0.5613,1.4524,2.0,0.0,1.458
00-0033572,Jamal Agnew,WR,False,,,,31.415,9,0.0,0.4708,1.4152,11.0,2.541,2.23
00-0031763,DeAndre Carter,WR,False,,,,33.394,11,0.0,0.1913,1.502,4.0,0.173,1.035
00-0037098,Samori Toure,WR,False,258.0,7.0,GNB,28.441,4,1.3,0.0,2.004,1.0,0.0,1.48
