season,position,model,n,mae,rmse,spearman,rank_mae,top_n_overlap
2018,QB,baseline,29,4.034811355311355,5.395981409144104,0.6403940886699506,5.862068965517241,0.75
2018,QB,boost,29,4.402583155674597,5.915178031162344,0.595566502463054,6.0,0.6666666666666666
2018,QB,prototype,29,,,0.6251231527093595,5.586206896551724,0.75
2018,QB,ridge,29,4.231524264026354,5.222860004260571,0.6418719211822659,5.448275862068965,0.75
2018,RB,baseline,58,3.5717713249394287,4.761984860686131,0.5884841468885693,12.206896551724139,0.7083333333333334
2018,RB,boost,58,3.323926220069249,4.4330754943547825,0.6550986910591174,10.827586206896552,0.7916666666666666
2018,RB,prototype,58,,,0.6467303613748043,11.275862068965518,0.75
2018,RB,ridge,58,3.2233721956218764,4.291011071427854,0.6433153444815736,11.241379310344827,0.75
2018,TE,baseline,51,2.156111674273439,2.824721904369338,0.5850179920455112,10.431372549019608,0.5833333333333334
2018,TE,boost,51,2.225573980359922,2.8433788915024767,0.5183534123864372,11.333333333333334,0.6666666666666666
2018,TE,prototype,51,,,0.5115300346318202,11.411764705882353,0.5833333333333334
2018,TE,ridge,51,2.069365192874602,2.7193455017625334,0.5552060639558077,10.745098039215685,0.6666666666666666
2018,WR,baseline,84,2.72615611802219,3.523311110116584,0.7076213287040365,13.80952380952381,0.75
2018,WR,boost,84,2.749992584518053,3.54921289654743,0.7034195987786449,13.666666666666666,0.8055555555555556
2018,WR,prototype,84,,,0.7280258767926463,13.476190476190476,0.75
2018,WR,ridge,84,2.616650250615799,3.3949910906158958,0.7430854778107954,12.904761904761905,0.8055555555555556
2019,QB,baseline,31,5.883260209324725,7.581769408540836,0.38185483870967746,7.67741935483871,0.5833333333333334
2019,QB,boost,31,4.615039762729632,5.759866249307932,0.4959677419354839,7.225806451612903,0.6666666666666666
2019,QB,prototype,31,,,0.5112903225806452,7.032258064516129,0.6666666666666666
2019,QB,ridge,31,4.734325783226116,5.922122341362697,0.5137096774193549,6.903225806451613,0.75
2019,RB,baseline,55,3.3243386890886897,4.137930757936629,0.6641404573520273,9.636363636363637,0.7083333333333334
2019,RB,boost,55,2.6819876119624193,3.657540679707694,0.7392881128456755,8.763636363636364,0.7916666666666666
2019,RB,prototype,55,,,0.6807627910127072,9.709090909090909,0.7916666666666666
2019,RB,ridge,55,2.9639450827505835,4.298069852551515,0.688989531689598,9.454545454545455,0.75
2019,TE,baseline,49,2.4143184734766368,3.255674635442883,0.6435004483704718,9.020408163265307,0.5833333333333334
2019,TE,boost,49,2.408012362118509,3.275607481857856,0.5745554735408734,9.387755102040817,0.5
2019,TE,prototype,49,,,0.5598101994219398,10.53061224489796,0.4166666666666667
2019,TE,ridge,49,2.3218173446782586,2.9854699389134227,0.6396081534773456,9.061224489795919,0.4166666666666667
2019,WR,baseline,85,3.366271390700803,4.370265958805294,0.6410627457444902,15.6,0.75
2019,WR,boost,85,3.1778333227377167,4.036909654758126,0.6448157951242728,15.435294117647059,0.75
2019,WR,prototype,85,,,0.5084725911115751,18.49411764705882,0.6666666666666666
2019,WR,ridge,85,3.556733767918359,4.405092078769308,0.5565718779629583,17.741176470588236,0.6666666666666666
2020,QB,baseline,37,4.4460062940062945,5.733220682737771,0.5808440018966334,7.351351351351352,0.6666666666666666
2020,QB,boost,37,4.536523287342126,5.477809014996246,0.6111901375059269,7.1891891891891895,0.5833333333333334
2020,QB,prototype,37,,,0.7280701754385964,6.216216216216216,0.75
2020,QB,ridge,37,3.9795759567769458,4.823187639001744,0.7190611664295874,6.27027027027027,0.75
2020,RB,baseline,62,3.678805882737335,4.626098607838024,0.5529364366840467,13.580645161290322,0.5416666666666666
2020,RB,boost,62,3.1643291237576703,4.157576919466426,0.643364391840846,11.709677419354838,0.6666666666666666
2020,RB,prototype,62,,,0.6405862429840073,12.0,0.625
2020,RB,ridge,62,3.1403061292323864,3.9583803660520154,0.6143463316234705,12.193548387096774,0.5833333333333334
2020,TE,baseline,48,2.4621196454008953,3.2806004155064294,0.5131254131102433,10.166666666666666,0.5
2020,TE,boost,48,2.26050418477901,3.0242524266442437,0.5880500845833293,9.416666666666666,0.5833333333333334
2020,TE,prototype,48,,,0.514699917075982,10.625,0.5833333333333334
2020,TE,ridge,48,2.3415477504883166,3.0080194131629363,0.5434753343808628,9.791666666666666,0.5833333333333334
2020,WR,baseline,94,2.6101690472647916,3.5410369193017703,0.7246319222998436,14.702127659574469,0.8333333333333334
2020,WR,boost,94,2.6796724466564377,3.4023022461450463,0.6852074694855288,16.93617021276596,0.7777777777777778
2020,WR,prototype,94,,,0.660394882354598,17.595744680851062,0.7777777777777778
2020,WR,ridge,94,2.4724456038720786,3.196837426768169,0.7050560940774528,16.46808510638298,0.7777777777777778
2021,QB,baseline,37,4.675672067245597,6.661784669278433,0.5301090564248458,7.783783783783784,0.5833333333333334
2021,QB,boost,37,4.0008598585491955,4.985597322628156,0.5585585585585585,8.0,0.6666666666666666
2021,QB,prototype,37,,,0.591275486012328,7.783783783783784,0.5833333333333334
2021,QB,ridge,37,3.7901388759623864,4.853530424527421,0.6064485538169748,7.351351351351352,0.6666666666666666
2021,RB,baseline,65,3.2646044028872083,4.313222904904098,0.6129903191209248,12.646153846153846,0.6666666666666666
2021,RB,boost,65,2.5539948217055803,3.1192543404656967,0.6139016540094159,12.584615384615384,0.6666666666666666
2021,RB,prototype,65,,,0.6151694136025423,12.184615384615384,0.6666666666666666
2021,RB,ridge,65,2.448065691050775,3.2008452494521986,0.6188852606858435,12.123076923076923,0.6666666666666666
2021,TE,baseline,51,1.6104446383425621,2.1338174763332955,0.7054322212453353,8.470588235294118,0.5833333333333334
2021,TE,boost,51,1.698925229263314,2.080648009793397,0.6565867580879561,9.882352941176471,0.5833333333333334
2021,TE,prototype,51,,,0.6700770265594269,9.686274509803921,0.6666666666666666
2021,TE,ridge,51,1.5998456653988564,2.0080336735653077,0.6956994827837638,9.254901960784315,0.5833333333333334
2021,WR,baseline,91,2.8560206178401075,4.076122753318163,0.6558934149295594,15.054945054945055,0.6944444444444444
2021,WR,boost,91,2.71833693101145,3.527453622904039,0.6462669303116526,15.604395604395604,0.6666666666666666
2021,WR,prototype,91,,,0.6171040189872832,17.208791208791208,0.6944444444444444
2021,WR,ridge,91,3.6329701122968507,10.074042093905408,0.6449601278603763,15.736263736263735,0.6944444444444444
2022,QB,baseline,44,4.688619079041873,6.4243382849073924,0.4372093023255813,9.863636363636363,0.5833333333333334
2022,QB,boost,44,3.913543091117657,4.756277485338216,0.6417195207892882,8.409090909090908,0.6666666666666666
2022,QB,prototype,44,,,0.678505990133897,7.681818181818182,0.75
2022,QB,ridge,44,3.6453369180625743,4.686217038385432,0.6369274136715997,8.227272727272727,0.6666666666666666
2022,RB,baseline,62,2.9802834470505255,3.8094316931173915,0.6198985053316586,11.387096774193548,0.75
2022,RB,boost,62,2.4481184732529573,3.0257849005809185,0.6810128827227093,10.451612903225806,0.7083333333333334
2022,RB,prototype,62,,,0.6171978304033786,12.03225806451613,0.7083333333333334
2022,RB,ridge,62,2.404257587273201,3.08586648757479,0.6344989120700637,11.35483870967742,0.7083333333333334
2022,TE,baseline,56,1.6978941203521036,2.2898467634316044,0.6386023035086753,10.321428571428571,0.6666666666666666
2022,TE,boost,56,1.7912178122689855,2.1388214233731286,0.6746533084291527,10.035714285714286,0.5
2022,TE,prototype,56,,,0.58402415051923,11.392857142857142,0.4166666666666667
2022,TE,ridge,56,2.104520174288973,4.040427871005309,0.5928201073103366,10.892857142857142,0.5
2022,WR,baseline,96,2.5523754899444238,3.3370941902656455,0.6437287756129144,17.666666666666668,0.6944444444444444
2022,WR,boost,96,2.5062810978459704,2.9720322292744044,0.6842162512939303,16.770833333333332,0.7222222222222222
2022,WR,prototype,96,,,0.7123664162063341,16.041666666666668,0.8055555555555556
2022,WR,ridge,96,2.3478400140296025,2.8232972952611055,0.7044837203398843,16.125,0.75
2023,QB,baseline,42,4.463070057859975,6.132710659642649,0.48010696053804397,8.952380952380953,0.5833333333333334
2023,QB,boost,42,4.2783223964784645,5.594690176476848,0.452070334656835,10.285714285714286,0.3333333333333333
2023,QB,prototype,42,,,0.449639413337655,9.857142857142858,0.4166666666666667
2023,QB,ridge,42,4.353038292018438,5.516435853225474,0.48918240012964914,9.619047619047619,0.4166666666666667
2023,RB,baseline,59,3.023818298545367,3.8663540338097966,0.6170865822367896,11.694915254237289,0.6666666666666666
2023,RB,boost,59,2.575538662967737,3.0267468253247696,0.7218682521709009,10.101694915254237,0.7083333333333334
2023,RB,prototype,59,,,0.7217805687650983,9.864406779661017,0.7083333333333334
2023,RB,ridge,59,2.8643774286712596,3.2921626960701653,0.699655122700908,10.271186440677965,0.7083333333333334
2023,TE,baseline,52,1.807759240822023,2.340006501105218,0.6219176396871293,10.384615384615385,0.6666666666666666
2023,TE,boost,52,1.6402290994255384,2.0218058808977415,0.6778105273794298,9.384615384615385,0.6666666666666666
2023,TE,prototype,52,,,0.7138892609627758,9.115384615384615,0.6666666666666666
2023,TE,ridge,52,1.5920773118140574,1.9948109146550443,0.6971948410443282,9.423076923076923,0.6666666666666666
2023,WR,baseline,77,2.5597535974974854,3.366556582363019,0.764265416881681,11.220779220779221,0.8055555555555556
2023,WR,boost,77,2.550699351999583,3.010119184969562,0.7344245604952567,12.051948051948052,0.75
2023,WR,prototype,77,,,0.7141393510612151,12.987012987012987,0.75
2023,WR,ridge,77,2.5298848793450968,3.030887316245315,0.745632730688385,12.207792207792208,0.75
2024,QB,baseline,41,5.603409582924647,7.946944446389244,0.2447735191637631,11.121951219512194,0.6666666666666666
2024,QB,boost,41,4.340022247027225,5.648345041211032,0.4479094076655053,9.21951219512195,0.75
2024,QB,prototype,41,,,0.4562717770034845,9.268292682926829,0.5833333333333334
2024,QB,ridge,41,4.653811401034464,5.8322269893869505,0.449651567944251,9.073170731707316,0.6666666666666666
2024,RB,baseline,59,2.6038933930808303,3.6273372439982374,0.7456725146198829,9.389830508474576,0.75
2024,RB,boost,59,2.7437793135560122,3.5721509373418727,0.725752734894238,9.864406779661017,0.75
2024,RB,prototype,59,,,0.7119555989642362,10.169491525423728,0.7916666666666666
2024,RB,ridge,59,2.88005845745865,3.713428054886909,0.733528239464959,9.627118644067796,0.75
2024,TE,baseline,50,1.9157447408800348,2.4414935982510184,0.6582625012353917,9.16,0.8333333333333334
2024,TE,boost,50,1.9455820879874768,2.451300174187914,0.6521791348414453,9.16,0.8333333333333334
2024,TE,prototype,50,,,0.6581664535953193,9.52,0.75
2024,TE,ridge,50,1.8987975535215926,2.453287711652169,0.6769917910494867,9.04,0.8333333333333334
2024,WR,baseline,85,2.8675090866457653,3.566600190231703,0.7841222875840177,12.776470588235295,0.7777777777777778
2024,WR,boost,85,2.750921706171551,3.3382444427502564,0.7779050142568921,12.75294117647059,0.75
2024,WR,prototype,85,,,0.7695460358616317,13.341176470588236,0.7777777777777778
2024,WR,ridge,85,2.6845180158156903,3.247168198805105,0.8021824218415337,12.51764705882353,0.7777777777777778
2025,QB,baseline,36,6.172909419284419,7.947401680044324,0.23217503217503221,10.277777777777779,0.5
2025,QB,boost,36,5.212552522407958,5.855682034957305,0.37400257400257403,9.277777777777779,0.5833333333333334
2025,QB,prototype,36,,,0.451994851994852,8.61111111111111,0.5
2025,QB,ridge,36,4.864831386340557,5.719365015922367,0.3933075933075934,9.277777777777779,0.5
2025,RB,baseline,52,2.1860444407276987,3.0029612316121432,0.7885009856777013,7.153846153846154,0.7083333333333334
2025,RB,boost,52,2.624290317474551,3.2621791310558317,0.7955556708606079,7.3076923076923075,0.75
2025,RB,prototype,52,,,0.7587995799107785,7.730769230769231,0.7916666666666666
2025,RB,ridge,52,2.3562796831552095,3.123615419239815,0.7905978725464448,7.384615384615385,0.75
2025,TE,baseline,57,1.8358101251174006,2.612659288961673,0.6905793222952521,9.719298245614034,0.75
2025,TE,boost,57,1.7275401070872978,2.3315139215876752,0.706130437803693,9.157894736842104,0.75
2025,TE,prototype,57,,,0.6762327401707483,10.210526315789474,0.8333333333333334
2025,TE,ridge,57,1.7530631560039107,2.4116229958574396,0.7212738486438072,9.403508771929825,0.8333333333333334
2025,WR,baseline,86,2.610547741986695,3.456969418345665,0.7187475157169336,14.69767441860465,0.7777777777777778
2025,WR,boost,86,2.298492142364154,2.7909531441642237,0.7785610770391271,12.744186046511627,0.7222222222222222
2025,WR,prototype,86,,,0.7817224685472071,12.744186046511627,0.75
2025,WR,ridge,86,2.2480886330865792,2.788548758844561,0.7787875647889597,12.813953488372093,0.75
