season,position,feature,mae_increase
2018,QB,prev1_games,0.9791664683683287
2018,QB,weighted_ppr_pg,0.5200170464666369
2018,QB,prev2_ppr_pg,0.4388791492551583
2018,QB,prev1_carries_pg,0.36029600934927275
2018,QB,prev1_pass_epa_pg,0.30257235581112985
2018,QB,prev1_attempts_pg,0.15265027769180683
2018,QB,prev1_pass_tds_pg,0.11207650076910944
2018,QB,prev2_games,0.07689661746894175
2018,QB,games_delta,0.06515593755402023
2018,QB,age_sep1,0.05714037871997668
2018,QB,prev1_pass_yards_pg,0.055675258358105675
2018,QB,experience_years,0.026552473487879348
2018,QB,prev1_ppr_pg,0.010010483181239671
2018,QB,prev1_targets_pg,0.0
2018,QB,prev1_receptions_pg,0.0
2018,QB,prev1_rec_yards_pg,0.0
2018,QB,prev1_rec_tds_pg,0.0
2018,QB,prev1_rec_epa_pg,0.0
2018,QB,prev1_target_share,0.0
2018,QB,prev1_air_yards_share,0.0
2018,QB,prev1_wopr,0.0
2018,QB,prev1_rec_ypt,0.0
2018,QB,has_prev2,0.0
2018,QB,age_missing,0.0
2018,QB,draft_round,-0.005360368406714144
2018,QB,drafted,-0.008717730312783622
2018,QB,log_draft_pick,-0.009804314342233588
2018,QB,prev1_rush_tds_pg,-0.011198312417706724
2018,QB,prev1_rush_ypc,-0.0125701832849753
2018,QB,prev1_int_pg,-0.014281512106579086
2018,QB,ppr_delta,-0.039443009582523024
2018,QB,prev1_pass_ypa,-0.061494292779258684
2018,QB,prev1_rush_yards_pg,-0.07340540340026695
2018,QB,prev1_rush_epa_pg,-0.2828274696132218
2019,QB,prev1_carries_pg,0.12869106193441535
2019,QB,prev1_rush_epa_pg,0.11338898847184228
2019,QB,weighted_ppr_pg,0.07134014041099732
2019,QB,prev1_pass_ypa,0.041044967008172686
2019,QB,prev1_rush_yards_pg,0.03968382348038073
2019,QB,prev1_attempts_pg,0.030907801960164426
2019,QB,prev2_games,0.03065714332419649
2019,QB,prev1_rush_tds_pg,0.02092547554932338
2019,QB,ppr_delta,0.009568310200600116
2019,QB,experience_years,0.008844096826182124
2019,QB,games_delta,0.006435348825360699
2019,QB,prev1_targets_pg,0.002862301732869099
2019,QB,prev1_rush_ypc,0.0021266395307261376
2019,QB,drafted,0.0020405888126649786
2019,QB,prev1_receptions_pg,0.0
2019,QB,prev1_int_pg,0.0
2019,QB,prev1_rec_yards_pg,0.0
2019,QB,prev1_rec_tds_pg,0.0
2019,QB,prev1_air_yards_share,0.0
2019,QB,prev1_rec_ypt,0.0
2019,QB,has_prev2,0.0
2019,QB,age_missing,0.0
2019,QB,draft_round,0.0
2019,QB,prev1_rec_epa_pg,-0.00336027505066685
2019,QB,age_sep1,-0.00784495851634528
2019,QB,prev1_target_share,-0.009097643923242771
2019,QB,prev1_wopr,-0.019385963905097548
2019,QB,log_draft_pick,-0.019785606938137867
2019,QB,prev1_pass_tds_pg,-0.036479769773376344
2019,QB,prev1_pass_yards_pg,-0.036597383970649135
2019,QB,prev1_ppr_pg,-0.04921789668217933
2019,QB,prev1_games,-0.05223950009848952
2019,QB,prev1_pass_epa_pg,-0.21728845332366778
2019,QB,prev2_ppr_pg,-0.22162020899202783
2020,QB,weighted_ppr_pg,0.803485684159231
2020,QB,prev1_games,0.2939025462745629
2020,QB,prev2_ppr_pg,0.26151530299368025
2020,QB,prev2_games,0.09500556342123652
2020,QB,prev1_ppr_pg,0.0908494929658115
2020,QB,prev1_pass_epa_pg,0.05762147731086973
2020,QB,prev1_attempts_pg,0.053774948616386806
2020,QB,prev1_pass_tds_pg,0.03915230887785039
2020,QB,prev1_rush_ypc,0.03361015177772231
2020,QB,log_draft_pick,0.02552823411847367
2020,QB,draft_round,0.022745531834996235
2020,QB,drafted,0.008420852686484005
2020,QB,prev1_targets_pg,0.0
2020,QB,prev1_receptions_pg,0.0
2020,QB,prev1_int_pg,0.0
2020,QB,prev1_rush_tds_pg,0.0
2020,QB,prev1_rec_yards_pg,0.0
2020,QB,prev1_rec_tds_pg,0.0
2020,QB,prev1_rec_epa_pg,0.0
2020,QB,prev1_target_share,0.0
2020,QB,prev1_wopr,0.0
2020,QB,prev1_rec_ypt,0.0
2020,QB,age_missing,0.0
2020,QB,experience_years,-0.002519567515382981
2020,QB,has_prev2,-0.004198663214906873
2020,QB,ppr_delta,-0.006379108341054973
2020,QB,prev1_rush_yards_pg,-0.01201170959870872
2020,QB,prev1_carries_pg,-0.020906096879836154
2020,QB,prev1_pass_yards_pg,-0.022107668166168538
2020,QB,prev1_air_yards_share,-0.024798528029492672
2020,QB,prev1_pass_ypa,-0.05924497657917662
2020,QB,age_sep1,-0.1001731658295224
2020,QB,games_delta,-0.16710005397903238
2020,QB,prev1_rush_epa_pg,-0.2081994449366725
2021,QB,weighted_ppr_pg,0.663775871982625
2021,QB,prev1_pass_epa_pg,0.3256401115024202
2021,QB,prev1_games,0.1757227550325135
2021,QB,prev1_rush_ypc,0.17168755505697764
2021,QB,prev2_games,0.11196102875895679
2021,QB,prev1_pass_yards_pg,0.08445335404623133
2021,QB,prev1_carries_pg,0.08222169643922114
2021,QB,prev1_ppr_pg,0.07067655833117907
2021,QB,draft_round,0.06815161936049119
2021,QB,log_draft_pick,0.06483649161193697
2021,QB,drafted,0.058883204486150656
2021,QB,prev2_ppr_pg,0.05054160014515716
2021,QB,prev1_rush_epa_pg,0.03122392753765162
2021,QB,experience_years,0.019809190431544187
2021,QB,games_delta,0.015319088714755402
2021,QB,prev1_attempts_pg,0.00274214521612004
2021,QB,has_prev2,0.0013293411879081063
2021,QB,prev1_rush_yards_pg,0.000505511083891097
2021,QB,prev1_pass_tds_pg,0.00020430049882715906
2021,QB,prev1_targets_pg,0.0
2021,QB,prev1_receptions_pg,0.0
2021,QB,prev1_rush_tds_pg,0.0
2021,QB,prev1_rec_tds_pg,0.0
2021,QB,prev1_rec_epa_pg,0.0
2021,QB,prev1_target_share,0.0
2021,QB,prev1_wopr,0.0
2021,QB,prev1_rec_ypt,0.0
2021,QB,age_missing,0.0
2021,QB,prev1_int_pg,-0.0003094080497658247
2021,QB,ppr_delta,-0.004119139050786558
2021,QB,prev1_rec_yards_pg,-0.010200639209550744
2021,QB,prev1_pass_ypa,-0.012980081754113382
2021,QB,prev1_air_yards_share,-0.04401095696324919
2021,QB,age_sep1,-0.06591518655654385
2022,QB,weighted_ppr_pg,0.4617837014514201
2022,QB,prev1_games,0.31712670243077845
2022,QB,prev1_rush_ypc,0.12001246916682193
2022,QB,age_sep1,0.09392355128590824
2022,QB,prev1_attempts_pg,0.07780471208342785
2022,QB,prev1_pass_ypa,0.07582883011039217
2022,QB,prev2_ppr_pg,0.05713031065659546
2022,QB,prev1_carries_pg,0.05666096680332773
2022,QB,prev1_ppr_pg,0.04158440240741577
2022,QB,prev1_pass_epa_pg,0.01110424475109184
2022,QB,prev1_pass_yards_pg,0.005928689341509053
2022,QB,ppr_delta,0.004179510579971702
2022,QB,prev1_targets_pg,0.0
2022,QB,prev1_receptions_pg,0.0
2022,QB,prev1_pass_tds_pg,0.0
2022,QB,prev1_rush_tds_pg,0.0
2022,QB,prev1_rec_yards_pg,0.0
2022,QB,prev1_rec_tds_pg,0.0
2022,QB,prev1_rec_epa_pg,0.0
2022,QB,prev1_target_share,0.0
2022,QB,prev1_air_yards_share,0.0
2022,QB,prev1_rec_ypt,0.0
2022,QB,age_missing,0.0
2022,QB,prev1_wopr,-0.0027015981089713926
2022,QB,log_draft_pick,-0.009657490629924492
2022,QB,prev2_games,-0.009692762174395676
2022,QB,games_delta,-0.012750678183601937
2022,QB,draft_round,-0.02237382855822423
2022,QB,experience_years,-0.02410476974603206
2022,QB,drafted,-0.02526576350141143
2022,QB,has_prev2,-0.029255488718928115
2022,QB,prev1_int_pg,-0.038626029909018644
2022,QB,prev1_rush_yards_pg,-0.04506685232662635
2022,QB,prev1_rush_epa_pg,-0.06209429898062755
2023,QB,weighted_ppr_pg,0.43034661111891276
2023,QB,prev2_ppr_pg,0.21923906564360857
2023,QB,prev1_games,0.209494637352444
2023,QB,prev1_pass_epa_pg,0.16530682014825188
2023,QB,prev1_carries_pg,0.09802284260321911
2023,QB,prev1_ppr_pg,0.07566990476262454
2023,QB,prev1_rush_ypc,0.06285458272994796
2023,QB,prev1_rush_yards_pg,0.04114450666259319
2023,QB,prev1_receptions_pg,0.015727192735551655
2023,QB,experience_years,0.012436591634934224
2023,QB,prev1_targets_pg,0.0018345845686742023
2023,QB,ppr_delta,0.0006533512242635098
2023,QB,prev1_rush_tds_pg,0.0
2023,QB,prev1_rec_yards_pg,0.0
2023,QB,prev1_rec_tds_pg,0.0
2023,QB,prev1_rec_epa_pg,0.0
2023,QB,prev1_target_share,0.0
2023,QB,prev1_rec_ypt,0.0
2023,QB,games_delta,0.0
2023,QB,has_prev2,0.0
2023,QB,age_missing,0.0
2023,QB,prev1_air_yards_share,-3.552713678800501e-16
2023,QB,draft_round,-0.0005213299026431528
2023,QB,prev1_attempts_pg,-0.001456642275107356
2023,QB,prev1_pass_ypa,-0.0022414077030175504
2023,QB,prev1_pass_tds_pg,-0.0036016308495410597
2023,QB,prev1_pass_yards_pg,-0.005555006057956469
2023,QB,log_draft_pick,-0.011376230751310602
2023,QB,prev1_wopr,-0.013509942160489175
2023,QB,prev1_int_pg,-0.015241270595864975
2023,QB,drafted,-0.018165845867091156
2023,QB,age_sep1,-0.029845683345512696
2023,QB,prev2_games,-0.04357607671594064
2023,QB,prev1_rush_epa_pg,-0.06161295919544489
2024,QB,weighted_ppr_pg,0.32005811723213834
2024,QB,prev1_games,0.26841924348953283
2024,QB,prev2_ppr_pg,0.15637692449510787
2024,QB,prev1_rush_ypc,0.14420235399537748
2024,QB,prev1_pass_ypa,0.09110299541323545
2024,QB,prev1_carries_pg,0.08043976450498533
2024,QB,draft_round,0.055652538371738024
2024,QB,age_sep1,0.05243266961642803
2024,QB,prev1_rush_epa_pg,0.046522004675721186
2024,QB,ppr_delta,0.033180417908063656
2024,QB,prev2_games,0.023601682664882516
2024,QB,drafted,0.019911308653724903
2024,QB,prev1_targets_pg,0.012273457993434711
2024,QB,prev1_rush_yards_pg,0.010723080676152286
2024,QB,log_draft_pick,0.009460471934787763
2024,QB,games_delta,0.008809065604048172
2024,QB,experience_years,0.00813753344281487
2024,QB,prev1_rush_tds_pg,0.0049646609818394085
2024,QB,prev1_pass_tds_pg,0.004214847823734403
2024,QB,prev1_ppr_pg,0.0027261659378286394
2024,QB,prev1_receptions_pg,0.0
2024,QB,prev1_rec_yards_pg,0.0
2024,QB,prev1_rec_tds_pg,0.0
2024,QB,prev1_rec_epa_pg,0.0
2024,QB,prev1_target_share,0.0
2024,QB,prev1_air_yards_share,0.0
2024,QB,prev1_wopr,0.0
2024,QB,prev1_rec_ypt,0.0
2024,QB,has_prev2,0.0
2024,QB,age_missing,0.0
2024,QB,prev1_int_pg,-0.011271178054814968
2024,QB,prev1_pass_epa_pg,-0.016344364636711895
2024,QB,prev1_pass_yards_pg,-0.016996830744380277
2024,QB,prev1_attempts_pg,-0.022305118027717265
2025,QB,prev1_games,0.2226628900930109
2025,QB,prev1_pass_ypa,0.12072436542807115
2025,QB,prev1_carries_pg,0.09148505694581513
2025,QB,prev1_rush_epa_pg,0.07278776292072724
2025,QB,ppr_delta,0.0654981037610316
2025,QB,prev2_ppr_pg,0.0596592950194859
2025,QB,prev1_int_pg,0.02932450790092833
2025,QB,log_draft_pick,0.02456200515284195
2025,QB,prev1_rec_epa_pg,0.010195078259331147
2025,QB,games_delta,0.00825226047053267
2025,QB,prev1_rush_tds_pg,0.006038874291274787
2025,QB,prev1_pass_tds_pg,0.00424936214050291
2025,QB,prev1_targets_pg,0.0
2025,QB,prev1_receptions_pg,0.0
2025,QB,prev1_rec_yards_pg,0.0
2025,QB,prev1_rec_tds_pg,0.0
2025,QB,prev1_target_share,0.0
2025,QB,prev1_air_yards_share,0.0
2025,QB,prev1_wopr,0.0
2025,QB,prev1_rec_ypt,0.0
2025,QB,has_prev2,0.0
2025,QB,age_missing,0.0
2025,QB,prev1_rush_yards_pg,-0.006441528935988217
2025,QB,experience_years,-0.012423432455682892
2025,QB,prev1_pass_yards_pg,-0.013626373595385922
2025,QB,drafted,-0.016556522415891096
2025,QB,weighted_ppr_pg,-0.02429341613225038
2025,QB,prev1_pass_epa_pg,-0.03222081751817161
2025,QB,draft_round,-0.03426756048950956
2025,QB,prev1_ppr_pg,-0.03467425986117103
2025,QB,prev1_rush_ypc,-0.07036298574757875
2025,QB,prev1_attempts_pg,-0.08102989717373496
2025,QB,age_sep1,-0.14229852244557223
2025,QB,prev2_games,-0.16617453622791628
2018,RB,prev1_rush_ypc,0.20433090309861432
2018,RB,prev1_rush_yards_pg,0.17892859010052983
2018,RB,prev1_games,0.1280029772230038
2018,RB,prev1_target_share,0.09628114488079235
2018,RB,prev1_rec_ypt,0.07312924588051031
2018,RB,prev1_rush_epa_pg,0.04465068530239726
2018,RB,prev1_carries_pg,0.036574690960020285
2018,RB,prev1_rush_tds_pg,0.026364843903433764
2018,RB,age_sep1,0.023504706689193976
2018,RB,prev1_rec_epa_pg,0.019794025135859438
2018,RB,games_delta,0.017780891707997525
2018,RB,prev1_attempts_pg,0.0
2018,RB,prev1_pass_yards_pg,0.0
2018,RB,prev1_pass_tds_pg,0.0
2018,RB,prev1_int_pg,0.0
2018,RB,prev1_rec_tds_pg,0.0
2018,RB,prev1_pass_epa_pg,0.0
2018,RB,prev1_pass_ypa,0.0
2018,RB,ppr_delta,0.0
2018,RB,has_prev2,0.0
2018,RB,age_missing,0.0
2018,RB,drafted,0.0
2018,RB,prev1_targets_pg,-0.00544541378454042
2018,RB,log_draft_pick,-0.005456441521971467
2018,RB,draft_round,-0.0070258730319687325
2018,RB,weighted_ppr_pg,-0.008485442598225567
2018,RB,prev2_ppr_pg,-0.01040409974697809
2018,RB,experience_years,-0.011221838835551612
2018,RB,prev2_games,-0.016005099935932687
2018,RB,prev1_ppr_pg,-0.01758282646416722
2018,RB,prev1_receptions_pg,-0.025010480237187417
2018,RB,prev1_air_yards_share,-0.025361575801649928
2018,RB,prev1_rec_yards_pg,-0.03773540523474024
2018,RB,prev1_wopr,-0.04776689331495092
2019,RB,prev1_ppr_pg,0.618284001429908
2019,RB,prev1_wopr,0.15853679853770125
2019,RB,log_draft_pick,0.1364524677708096
2019,RB,prev1_rush_yards_pg,0.12641934754923306
2019,RB,weighted_ppr_pg,0.08819593220699166
2019,RB,prev1_target_share,0.08392801600326942
2019,RB,prev1_rush_ypc,0.07166967509620817
2019,RB,age_sep1,0.06968671239068058
2019,RB,prev1_games,0.06911294895515212
2019,RB,prev1_air_yards_share,0.06763063765627608
2019,RB,prev2_ppr_pg,0.04880936757762964
2019,RB,prev1_carries_pg,0.039437219790728936
2019,RB,prev1_rec_yards_pg,0.03597758967978759
2019,RB,prev1_rush_tds_pg,0.013321274227296787
2019,RB,prev1_targets_pg,0.005503203876178375
2019,RB,ppr_delta,0.001638479078902133
2019,RB,prev1_pass_yards_pg,0.0
2019,RB,prev1_pass_tds_pg,0.0
2019,RB,prev1_int_pg,0.0
2019,RB,prev1_pass_epa_pg,0.0
2019,RB,prev1_pass_ypa,0.0
2019,RB,games_delta,0.0
2019,RB,has_prev2,0.0
2019,RB,age_missing,0.0
2019,RB,drafted,0.0
2019,RB,prev2_games,-0.0004335842333158091
2019,RB,draft_round,-0.0025336939215121037
2019,RB,prev1_rush_epa_pg,-0.004767633714609243
2019,RB,prev1_receptions_pg,-0.0067783420540502345
2019,RB,experience_years,-0.007954841357185938
2019,RB,prev1_rec_tds_pg,-0.010003148645832382
2019,RB,prev1_rec_epa_pg,-0.01605370842052407
2019,RB,prev1_attempts_pg,-0.018774945698568146
2019,RB,prev1_rec_ypt,-0.028466275249677687
2020,RB,prev1_ppr_pg,0.31791677807790614
2020,RB,log_draft_pick,0.11927473462006022
2020,RB,weighted_ppr_pg,0.11036233345297228
2020,RB,prev1_rush_yards_pg,0.07698294135337606
2020,RB,prev1_target_share,0.05894643201827891
2020,RB,prev1_carries_pg,0.04996356768309962
2020,RB,prev1_rush_epa_pg,0.031876007721697075
2020,RB,prev1_rec_yards_pg,0.031867174010571285
2020,RB,prev1_rec_epa_pg,0.01364641022219475
2020,RB,prev1_targets_pg,0.008437555232936234
2020,RB,has_prev2,0.005027106890240685
2020,RB,games_delta,0.0015922002916763489
2020,RB,draft_round,0.001346809575684471
2020,RB,ppr_delta,0.0008683931738995732
2020,RB,prev1_rec_ypt,0.0001903862690034508
2020,RB,prev1_attempts_pg,0.0
2020,RB,prev1_pass_yards_pg,0.0
2020,RB,prev1_pass_tds_pg,0.0
2020,RB,prev1_int_pg,0.0
2020,RB,prev1_rec_tds_pg,0.0
2020,RB,prev1_pass_epa_pg,0.0
2020,RB,prev1_pass_ypa,0.0
2020,RB,age_missing,0.0
2020,RB,drafted,0.0
2020,RB,prev2_games,-0.0028536850936266233
2020,RB,prev2_ppr_pg,-0.0064526005102027995
2020,RB,experience_years,-0.0069621450814594255
2020,RB,age_sep1,-0.0087941627257619
2020,RB,prev1_wopr,-0.010822051363902662
2020,RB,prev1_rush_tds_pg,-0.012363687357253194
2020,RB,prev1_receptions_pg,-0.013414144894093916
2020,RB,prev1_rush_ypc,-0.055547023910862324
2020,RB,prev1_air_yards_share,-0.07684261059610273
2020,RB,prev1_games,-0.08204373895895731
2021,RB,prev1_ppr_pg,0.5121592238919195
2021,RB,log_draft_pick,0.2548530409822288
2021,RB,prev1_target_share,0.10861675560357247
2021,RB,prev1_rec_epa_pg,0.10703827411927405
2021,RB,weighted_ppr_pg,0.10185848520305463
2021,RB,prev1_receptions_pg,0.051997920564961844
2021,RB,prev1_rush_epa_pg,0.04376956527122857
2021,RB,prev1_air_yards_share,0.040741859686277325
2021,RB,prev1_rush_yards_pg,0.03540159953256454
2021,RB,prev1_wopr,0.02894251288329448
2021,RB,draft_round,0.015630330802893423
2021,RB,experience_years,0.011941965407531452
2021,RB,prev1_pass_epa_pg,0.009074535785079264
2021,RB,prev1_rec_ypt,0.007616310071493793
2021,RB,prev1_rec_tds_pg,0.007524333140479111
2021,RB,prev1_carries_pg,0.006058543158819596
2021,RB,prev2_ppr_pg,0.0002892556379693545
2021,RB,prev1_attempts_pg,0.0
2021,RB,prev1_pass_yards_pg,0.0
2021,RB,prev1_pass_tds_pg,0.0
2021,RB,prev1_int_pg,0.0
2021,RB,prev1_pass_ypa,0.0
2021,RB,ppr_delta,0.0
2021,RB,age_missing,0.0
2021,RB,drafted,0.0
2021,RB,prev1_targets_pg,-0.002483829557554973
2021,RB,prev1_rush_tds_pg,-0.002653419186224948
2021,RB,has_prev2,-0.003346404725755736
2021,RB,prev1_games,-0.009008353961913417
2021,RB,games_delta,-0.00954564719374904
2021,RB,prev2_games,-0.02066080382990245
2021,RB,prev1_rec_yards_pg,-0.027879526957976443
2021,RB,age_sep1,-0.05671920600941673
2021,RB,prev1_rush_ypc,-0.062155945321960185
2022,RB,prev1_rush_yards_pg,0.08451666325642622
2022,RB,log_draft_pick,0.0791027499447079
2022,RB,experience_years,0.018788350426489853
2022,RB,prev2_games,0.015317766256508759
2022,RB,weighted_ppr_pg,0.007034922968982648
2022,RB,games_delta,0.00691065011428309
2022,RB,prev1_rush_epa_pg,0.005360894609987721
2022,RB,prev1_rec_yards_pg,0.004594595481345198
2022,RB,prev1_rush_tds_pg,0.003058873741143486
2022,RB,prev1_attempts_pg,0.0
2022,RB,prev1_targets_pg,0.0
2022,RB,prev1_pass_yards_pg,0.0
2022,RB,prev1_pass_tds_pg,0.0
2022,RB,prev1_int_pg,0.0
2022,RB,prev1_pass_ypa,0.0
2022,RB,prev2_ppr_pg,0.0
2022,RB,age_missing,0.0
2022,RB,draft_round,0.0
2022,RB,drafted,0.0
2022,RB,prev1_rec_ypt,-0.0015509697718189663
2022,RB,ppr_delta,-0.002413594830967547
2022,RB,prev1_rec_tds_pg,-0.003242011039545378
2022,RB,prev1_ppr_pg,-0.00815652220512364
2022,RB,prev1_rush_ypc,-0.008351898073980023
2022,RB,prev1_carries_pg,-0.00966123932739631
2022,RB,prev1_receptions_pg,-0.013019647342613183
2022,RB,has_prev2,-0.019167393365937625
2022,RB,prev1_pass_epa_pg,-0.02351463510153682
2022,RB,age_sep1,-0.02702365914103382
2022,RB,prev1_games,-0.03129113917731976
2022,RB,prev1_air_yards_share,-0.03348748871304732
2022,RB,prev1_rec_epa_pg,-0.03541676326687817
2022,RB,prev1_wopr,-0.08052601722274284
2022,RB,prev1_target_share,-0.2304427005901033
2023,RB,prev1_ppr_pg,0.5389318911447573
2023,RB,log_draft_pick,0.3616588928288366
2023,RB,weighted_ppr_pg,0.2862317591414122
2023,RB,prev1_rush_yards_pg,0.1851339997889146
2023,RB,prev2_games,0.09868094137525549
2023,RB,prev1_rush_ypc,0.05228752004319217
2023,RB,prev1_wopr,0.05205076723739275
2023,RB,prev1_carries_pg,0.04724360127752183
2023,RB,prev1_air_yards_share,0.04492064820954802
2023,RB,age_sep1,0.043397266422641675
2023,RB,prev1_target_share,0.04277420535815857
2023,RB,prev1_games,0.03779572774997435
2023,RB,prev1_rec_epa_pg,0.029096379855630426
2023,RB,has_prev2,0.013137641696500424
2023,RB,prev1_targets_pg,0.012652646980885862
2023,RB,experience_years,0.00532852659099845
2023,RB,prev1_receptions_pg,0.003984916015951701
2023,RB,ppr_delta,0.0011164512507425783
2023,RB,prev1_attempts_pg,0.0
2023,RB,prev1_pass_tds_pg,0.0
2023,RB,prev1_int_pg,0.0
2023,RB,prev1_rec_tds_pg,0.0
2023,RB,prev1_pass_epa_pg,0.0
2023,RB,prev2_ppr_pg,0.0
2023,RB,games_delta,0.0
2023,RB,age_missing,0.0
2023,RB,draft_round,0.0
2023,RB,drafted,0.0
2023,RB,prev1_rush_tds_pg,-0.0012553032856987834
2023,RB,prev1_pass_yards_pg,-0.005585879695144768
2023,RB,prev1_rec_yards_pg,-0.0057738909414259965
2023,RB,prev1_pass_ypa,-0.012101564861403347
2023,RB,prev1_rec_ypt,-0.01974907315340344
2023,RB,prev1_rush_epa_pg,-0.022681846328412636
2024,RB,prev1_ppr_pg,0.33551689679220553
2024,RB,weighted_ppr_pg,0.2744017071774004
2024,RB,log_draft_pick,0.23568840564761703
2024,RB,prev1_rush_yards_pg,0.20172165334779074
2024,RB,prev2_games,0.12094629660492089
2024,RB,prev1_target_share,0.11113304348855176
2024,RB,prev1_wopr,0.09315959478625224
2024,RB,prev1_games,0.0678478682793581
2024,RB,age_sep1,0.049091379488004974
2024,RB,prev1_carries_pg,0.048855121617751074
2024,RB,prev1_air_yards_share,0.04457595509401937
2024,RB,prev1_rush_ypc,0.03792694013664466
2024,RB,prev1_rush_epa_pg,0.022824303663056877
2024,RB,prev1_receptions_pg,0.011834071465617236
2024,RB,prev1_targets_pg,0.005930907395342899
2024,RB,prev1_rec_yards_pg,0.001215187012352903
2024,RB,games_delta,0.0011545802741050437
2024,RB,prev1_attempts_pg,0.0
2024,RB,prev1_pass_yards_pg,0.0
2024,RB,prev1_pass_tds_pg,0.0
2024,RB,prev1_int_pg,0.0
2024,RB,prev1_pass_ypa,0.0
2024,RB,prev2_ppr_pg,0.0
2024,RB,age_missing,0.0
2024,RB,draft_round,0.0
2024,RB,drafted,0.0
2024,RB,prev1_rec_tds_pg,-0.00048485810117764315
2024,RB,has_prev2,-0.0010824215724937857
2024,RB,ppr_delta,-0.00188844849786447
2024,RB,prev1_rec_ypt,-0.003770922657273168
2024,RB,prev1_pass_epa_pg,-0.004161718927234936
2024,RB,experience_years,-0.006934063280091341
2024,RB,prev1_rush_tds_pg,-0.009284924754855517
2024,RB,prev1_rec_epa_pg,-0.018533973673118265
2025,RB,prev1_ppr_pg,0.5193988771248653
2025,RB,prev1_rush_yards_pg,0.31735929219097486
2025,RB,weighted_ppr_pg,0.2880822524570239
2025,RB,log_draft_pick,0.24945680859890426
2025,RB,age_sep1,0.21827473093014182
2025,RB,prev2_games,0.12857614851893678
2025,RB,prev1_wopr,0.09436190677110848
2025,RB,prev1_carries_pg,0.08977248893215588
2025,RB,prev1_target_share,0.07464459151067455
2025,RB,prev1_rush_epa_pg,0.04221952158065543
2025,RB,prev1_rush_ypc,0.03160003178546163
2025,RB,ppr_delta,0.018935522354784507
2025,RB,prev1_targets_pg,0.018413356990822204
2025,RB,prev2_ppr_pg,0.0070747010084773795
2025,RB,prev1_rec_yards_pg,0.006922874277910385
2025,RB,games_delta,0.004428432274400684
2025,RB,prev1_rec_epa_pg,0.003954501676564614
2025,RB,has_prev2,0.001960087154562551
2025,RB,prev1_rec_ypt,0.0005242704431803524
2025,RB,prev1_attempts_pg,0.0
2025,RB,prev1_receptions_pg,0.0
2025,RB,prev1_pass_yards_pg,0.0
2025,RB,prev1_pass_tds_pg,0.0
2025,RB,prev1_int_pg,0.0
2025,RB,prev1_rec_tds_pg,0.0
2025,RB,prev1_pass_epa_pg,0.0
2025,RB,prev1_pass_ypa,0.0
2025,RB,age_missing,0.0
2025,RB,draft_round,0.0
2025,RB,drafted,0.0
2025,RB,experience_years,-0.0005179952612139437
2025,RB,prev1_air_yards_share,-0.01814395208387376
2025,RB,prev1_games,-0.019265773083854666
2025,RB,prev1_rush_tds_pg,-0.036182917487734924
2018,TE,prev1_rec_yards_pg,0.17732096678027381
2018,TE,prev1_receptions_pg,0.05906198357975621
2018,TE,prev1_ppr_pg,0.031217527023986856
2018,TE,ppr_delta,0.029688525599133885
2018,TE,weighted_ppr_pg,0.028732450637273123
2018,TE,prev1_air_yards_share,0.019490419595045338
2018,TE,has_prev2,0.013710482442092786
2018,TE,prev2_ppr_pg,0.008309698977023139
2018,TE,prev1_target_share,0.00589541649803218
2018,TE,prev1_rec_epa_pg,0.0009240691431435799
2018,TE,prev1_attempts_pg,0.0
2018,TE,prev1_carries_pg,0.0
2018,TE,prev1_pass_yards_pg,0.0
2018,TE,prev1_pass_tds_pg,0.0
2018,TE,prev1_int_pg,0.0
2018,TE,prev1_rush_yards_pg,0.0
2018,TE,prev1_rush_tds_pg,0.0
2018,TE,prev1_pass_epa_pg,0.0
2018,TE,prev1_rush_epa_pg,0.0
2018,TE,prev1_pass_ypa,0.0
2018,TE,prev1_rush_ypc,0.0
2018,TE,age_missing,0.0
2018,TE,draft_round,0.0
2018,TE,drafted,0.0
2018,TE,prev1_rec_tds_pg,-0.00013736386497180674
2018,TE,prev1_games,-0.0018835370689544995
2018,TE,experience_years,-0.00292092632601193
2018,TE,prev1_wopr,-0.008826518713726018
2018,TE,prev1_rec_ypt,-0.017043731336903532
2018,TE,log_draft_pick,-0.01804963659964569
2018,TE,games_delta,-0.018934433107002935
2018,TE,prev2_games,-0.04289413944874143
2018,TE,prev1_targets_pg,-0.04297870717279171
2018,TE,age_sep1,-0.08522688173049442
2019,TE,prev1_rec_yards_pg,0.3874954636865998
2019,TE,prev1_receptions_pg,0.13604503770144333
2019,TE,prev2_ppr_pg,0.09177302559102252
2019,TE,log_draft_pick,0.07671428678703825
2019,TE,prev1_targets_pg,0.07352245451185854
2019,TE,has_prev2,0.02358163813734402
2019,TE,prev1_target_share,0.020435262330119653
2019,TE,prev1_ppr_pg,0.01939030031537987
2019,TE,weighted_ppr_pg,0.015070199351252889
2019,TE,prev1_rec_epa_pg,0.01080723140665798
2019,TE,prev1_wopr,0.008452041217786999
2019,TE,prev1_rec_ypt,0.00764824394829251
2019,TE,draft_round,0.0010856767630023968
2019,TE,prev1_attempts_pg,0.0
2019,TE,prev1_carries_pg,0.0
2019,TE,prev1_pass_yards_pg,0.0
2019,TE,prev1_pass_tds_pg,0.0
2019,TE,prev1_int_pg,0.0
2019,TE,prev1_rush_yards_pg,0.0
2019,TE,prev1_rush_tds_pg,0.0
2019,TE,prev1_pass_epa_pg,0.0
2019,TE,prev1_rush_epa_pg,0.0
2019,TE,prev1_pass_ypa,0.0
2019,TE,prev1_rush_ypc,0.0
2019,TE,age_missing,0.0
2019,TE,drafted,0.0
2019,TE,experience_years,-0.0029733674825858534
2019,TE,games_delta,-0.004765664656451918
2019,TE,prev2_games,-0.005069183053287673
2019,TE,prev1_air_yards_share,-0.010457197455737255
2019,TE,age_sep1,-0.01426636964400041
2019,TE,ppr_delta,-0.015257972204425662
2019,TE,prev1_rec_tds_pg,-0.017764384001265655
2019,TE,prev1_games,-0.058398958064227104
2020,TE,prev1_rec_yards_pg,0.264587547482806
2020,TE,log_draft_pick,0.11847748595616174
2020,TE,prev1_receptions_pg,0.10198666661572169
2020,TE,prev1_targets_pg,0.07007718764364253
2020,TE,prev1_air_yards_share,0.05426255959024386
2020,TE,weighted_ppr_pg,0.04012501554455392
2020,TE,prev1_target_share,0.039046881963988866
2020,TE,age_sep1,0.034231462656841315
2020,TE,prev1_ppr_pg,0.03242586258719164
2020,TE,prev1_games,0.026081861331916478
2020,TE,prev1_wopr,0.014380407381656824
2020,TE,has_prev2,0.010332229684530781
2020,TE,prev1_rec_ypt,0.00970901742237933
2020,TE,experience_years,0.00287570938798849
2020,TE,games_delta,0.002152065245388091
2020,TE,prev1_rec_tds_pg,0.0008967978368111141
2020,TE,ppr_delta,0.0005121868814036646
2020,TE,prev2_ppr_pg,2.6629615421569498e-05
2020,TE,prev1_attempts_pg,0.0
2020,TE,prev1_carries_pg,0.0
2020,TE,prev1_pass_yards_pg,0.0
2020,TE,prev1_pass_tds_pg,0.0
2020,TE,prev1_int_pg,0.0
2020,TE,prev1_rush_tds_pg,0.0
2020,TE,prev1_pass_epa_pg,0.0
2020,TE,prev1_pass_ypa,0.0
2020,TE,age_missing,0.0
2020,TE,draft_round,0.0
2020,TE,drafted,0.0
2020,TE,prev1_rush_yards_pg,-8.834555375036857e-05
2020,TE,prev1_rush_ypc,-0.00010396173721964886
2020,TE,prev2_games,-0.0011765404106929723
2020,TE,prev1_rec_epa_pg,-0.02462135692755609
2020,TE,prev1_rush_epa_pg,-0.02799669475728441
2021,TE,prev1_rec_yards_pg,0.2096987288575391
2021,TE,prev1_receptions_pg,0.07969661860526873
2021,TE,prev1_targets_pg,0.07805372411399869
2021,TE,log_draft_pick,0.0697429243449458
2021,TE,prev1_air_yards_share,0.047150708791928286
2021,TE,prev1_rec_ypt,0.042644900213696026
2021,TE,prev2_ppr_pg,0.02673230988464561
2021,TE,weighted_ppr_pg,0.026493852360376425
2021,TE,prev1_rush_epa_pg,0.016694629045566244
2021,TE,prev2_games,0.015656184239188863
2021,TE,prev1_wopr,0.011959328180978135
2021,TE,games_delta,0.010340008615181917
2021,TE,prev1_rec_epa_pg,0.009308599877947766
2021,TE,prev1_target_share,0.006119696681655506
2021,TE,prev1_attempts_pg,0.0
2021,TE,prev1_pass_yards_pg,0.0
2021,TE,prev1_pass_tds_pg,0.0
2021,TE,prev1_int_pg,0.0
2021,TE,prev1_rush_tds_pg,0.0
2021,TE,prev1_pass_epa_pg,0.0
2021,TE,prev1_pass_ypa,0.0
2021,TE,age_missing,0.0
2021,TE,experience_years,0.0
2021,TE,draft_round,0.0
2021,TE,drafted,0.0
2021,TE,age_sep1,-0.00025772326193878036
2021,TE,prev1_games,-0.0009306282660940024
2021,TE,prev1_rec_tds_pg,-0.0017320077213036633
2021,TE,prev1_rush_yards_pg,-0.017857529425634188
2021,TE,prev1_rush_ypc,-0.019145190477404393
2021,TE,prev1_ppr_pg,-0.02035664916835538
2021,TE,has_prev2,-0.024601106020938346
2021,TE,prev1_carries_pg,-0.032390733589629316
2021,TE,ppr_delta,-0.06983521501858077
2022,TE,prev1_rec_yards_pg,0.07566477668988517
2022,TE,prev1_rec_ypt,0.0334790419609647
2022,TE,weighted_ppr_pg,0.031094242039791588
2022,TE,prev2_games,0.025592276692248995
2022,TE,has_prev2,0.011357453429362608
2022,TE,prev1_rec_tds_pg,0.005819169166705329
2022,TE,prev1_rush_epa_pg,0.003875469567358092
2022,TE,prev1_carries_pg,0.003314900823318823
2022,TE,prev1_rush_ypc,0.0030936871862311754
2022,TE,prev1_rec_epa_pg,0.0005517083547811552
2022,TE,prev1_attempts_pg,0.0
2022,TE,prev1_pass_yards_pg,0.0
2022,TE,prev1_pass_tds_pg,0.0
2022,TE,prev1_int_pg,0.0
2022,TE,prev1_rush_tds_pg,0.0
2022,TE,prev1_pass_epa_pg,0.0
2022,TE,prev1_pass_ypa,0.0
2022,TE,age_missing,0.0
2022,TE,draft_round,0.0
2022,TE,drafted,0.0
2022,TE,experience_years,-0.0007430050103818253
2022,TE,log_draft_pick,-0.0011943295716200452
2022,TE,prev2_ppr_pg,-0.0018197486197149893
2022,TE,prev1_rush_yards_pg,-0.0026562734781736983
2022,TE,prev1_target_share,-0.0037926642130121646
2022,TE,prev1_ppr_pg,-0.007004929695448503
2022,TE,prev1_games,-0.007822904373975526
2022,TE,ppr_delta,-0.010159131653767473
2022,TE,prev1_air_yards_share,-0.019309787100284213
2022,TE,games_delta,-0.020203376699351593
2022,TE,prev1_wopr,-0.02090723547013189
2022,TE,prev1_receptions_pg,-0.024645514184850014
2022,TE,age_sep1,-0.0321670520695966
2022,TE,prev1_targets_pg,-0.032298927162887334
2023,TE,weighted_ppr_pg,0.2227131489194892
2023,TE,prev1_rec_yards_pg,0.13854768170903387
2023,TE,prev1_target_share,0.09544988975485662
2023,TE,prev1_ppr_pg,0.09502704345500886
2023,TE,log_draft_pick,0.08683588497704946
2023,TE,prev1_rush_ypc,0.07330996645035301
2023,TE,prev1_rec_ypt,0.06098371362221729
2023,TE,prev2_ppr_pg,0.05528623172194882
2023,TE,prev2_games,0.043936336961861236
2023,TE,prev1_air_yards_share,0.027815347977935147
2023,TE,prev1_targets_pg,0.020616261587469743
2023,TE,prev1_rush_epa_pg,0.018731383513319287
2023,TE,age_sep1,0.015564503443882183
2023,TE,prev1_wopr,0.013218461565960826
2023,TE,prev1_games,0.011057094865092543
2023,TE,ppr_delta,0.005253970467535174
2023,TE,prev1_rush_yards_pg,0.004906089604864716
2023,TE,prev1_carries_pg,0.002431952971383522
2023,TE,experience_years,0.0010344506619501814
2023,TE,prev1_attempts_pg,0.0
2023,TE,prev1_pass_yards_pg,0.0
2023,TE,prev1_pass_tds_pg,0.0
2023,TE,prev1_int_pg,0.0
2023,TE,prev1_rush_tds_pg,0.0
2023,TE,prev1_pass_epa_pg,0.0
2023,TE,prev1_pass_ypa,0.0
2023,TE,age_missing,0.0
2023,TE,drafted,0.0
2023,TE,draft_round,-0.00030142844511371614
2023,TE,prev1_rec_epa_pg,-0.0013421629477525343
2023,TE,games_delta,-0.001516882679330278
2023,TE,has_prev2,-0.0035859034163558956
2023,TE,prev1_rec_tds_pg,-0.007249146022425901
2023,TE,prev1_receptions_pg,-0.05583079857092734
2024,TE,weighted_ppr_pg,0.17757974076460678
2024,TE,log_draft_pick,0.11514889542007398
2024,TE,prev1_target_share,0.07621037126117094
2024,TE,prev1_rec_yards_pg,0.06473892157969204
2024,TE,prev1_ppr_pg,0.06083049500816573
2024,TE,prev1_rush_ypc,0.05258479358419628
2024,TE,prev1_air_yards_share,0.04340057659690362
2024,TE,prev2_games,0.0433740221602088
2024,TE,prev1_rec_ypt,0.014125789648297759
2024,TE,prev1_targets_pg,0.012868635392908879
2024,TE,prev1_rec_tds_pg,0.01140121171319235
2024,TE,prev2_ppr_pg,0.010871043197583674
2024,TE,age_sep1,0.009033430485746053
2024,TE,draft_round,0.004213065658828974
2024,TE,prev1_wopr,0.003674200102324976
2024,TE,prev1_rush_epa_pg,0.003627061117188557
2024,TE,ppr_delta,0.002996835456410407
2024,TE,prev1_attempts_pg,0.0
2024,TE,prev1_pass_yards_pg,0.0
2024,TE,prev1_pass_tds_pg,0.0
2024,TE,prev1_int_pg,0.0
2024,TE,prev1_rush_yards_pg,0.0
2024,TE,prev1_rush_tds_pg,0.0
2024,TE,prev1_pass_epa_pg,0.0
2024,TE,prev1_pass_ypa,0.0
2024,TE,age_missing,0.0
2024,TE,drafted,0.0
2024,TE,prev1_carries_pg,-0.00141665296331972
2024,TE,experience_years,-0.0060948433931178325
2024,TE,has_prev2,-0.007160366984584154
2024,TE,prev1_games,-0.008377124973170336
2024,TE,games_delta,-0.010935253845319704
2024,TE,prev1_receptions_pg,-0.016588420428074402
2024,TE,prev1_rec_epa_pg,-0.017864378461136577
2025,TE,weighted_ppr_pg,0.21915865003084428
2025,TE,prev1_air_yards_share,0.13072646987660946
2025,TE,log_draft_pick,0.1141614092975169
2025,TE,prev1_receptions_pg,0.09986008576760037
2025,TE,prev1_rec_yards_pg,0.09934401983897327
2025,TE,prev1_games,0.04183862854453761
2025,TE,prev1_target_share,0.041018350509292076
2025,TE,age_sep1,0.034828892097787015
2025,TE,prev2_games,0.03413314063832638
2025,TE,prev1_rec_tds_pg,0.028726361687868927
2025,TE,prev1_targets_pg,0.02451171685525
2025,TE,prev1_rec_ypt,0.02029188641972257
2025,TE,prev1_ppr_pg,0.018564134452107382
2025,TE,prev1_wopr,0.014533536909196742
2025,TE,experience_years,0.013350673287179848
2025,TE,draft_round,0.013024380913210409
2025,TE,prev1_rec_epa_pg,0.010120921620615776
2025,TE,prev2_ppr_pg,0.004927274522035674
2025,TE,prev1_rush_epa_pg,0.0011717531250910796
2025,TE,prev1_attempts_pg,0.0
2025,TE,prev1_pass_yards_pg,0.0
2025,TE,prev1_pass_tds_pg,0.0
2025,TE,prev1_int_pg,0.0
2025,TE,prev1_rush_tds_pg,0.0
2025,TE,prev1_pass_epa_pg,0.0
2025,TE,prev1_pass_ypa,0.0
2025,TE,games_delta,0.0
2025,TE,age_missing,0.0
2025,TE,drafted,0.0
2025,TE,has_prev2,-0.003635878363579703
2025,TE,prev1_carries_pg,-0.004307128431147111
2025,TE,prev1_rush_ypc,-0.008166587334655117
2025,TE,ppr_delta,-0.015498509219627232
2025,TE,prev1_rush_yards_pg,-0.01650720165558197
2018,WR,weighted_ppr_pg,0.3489162401344962
2018,WR,prev1_targets_pg,0.19759795614580433
2018,WR,prev1_rec_yards_pg,0.1876937558622825
2018,WR,prev2_ppr_pg,0.1516469184391415
2018,WR,prev1_ppr_pg,0.14689612225669935
2018,WR,prev1_target_share,0.1342368942078574
2018,WR,age_sep1,0.09583935900039382
2018,WR,prev1_wopr,0.09191070746986404
2018,WR,log_draft_pick,0.03324075837306824
2018,WR,prev1_rec_epa_pg,0.030775044829711985
2018,WR,prev1_rec_ypt,0.013601639768668506
2018,WR,prev1_receptions_pg,0.010924780511424004
2018,WR,draft_round,0.008681830000231993
2018,WR,prev1_air_yards_share,0.0037688257161216042
2018,WR,prev1_rec_tds_pg,0.002328084018511323
2018,WR,prev1_carries_pg,0.0010896724737272656
2018,WR,prev1_attempts_pg,0.0
2018,WR,prev1_pass_yards_pg,0.0
2018,WR,prev1_pass_tds_pg,0.0
2018,WR,prev1_int_pg,0.0
2018,WR,prev1_rush_yards_pg,0.0
2018,WR,prev1_rush_tds_pg,0.0
2018,WR,prev1_pass_epa_pg,0.0
2018,WR,prev1_pass_ypa,0.0
2018,WR,games_delta,0.0
2018,WR,has_prev2,0.0
2018,WR,age_missing,0.0
2018,WR,drafted,0.0
2018,WR,prev1_rush_epa_pg,-0.0005812866190848531
2018,WR,prev1_games,-0.00164777431094425
2018,WR,prev2_games,-0.0028743352533579626
2018,WR,ppr_delta,-0.005046969061930718
2018,WR,prev1_rush_ypc,-0.008412091666867294
2018,WR,experience_years,-0.0426863385134018
2019,WR,weighted_ppr_pg,0.4191870924450941
2019,WR,prev1_ppr_pg,0.2042291130193253
2019,WR,prev2_ppr_pg,0.16996057732226397
2019,WR,prev1_rec_yards_pg,0.13277123972990798
2019,WR,log_draft_pick,0.11871397599295444
2019,WR,prev1_targets_pg,0.10319562303027965
2019,WR,age_sep1,0.05665099374151437
2019,WR,prev1_target_share,0.04077477876565645
2019,WR,prev1_rec_tds_pg,0.033612863243324395
2019,WR,prev1_wopr,0.0269863277172945
2019,WR,prev1_receptions_pg,0.012875853916783697
2019,WR,prev1_rec_epa_pg,0.011418731373715917
2019,WR,prev1_games,0.00328176415485677
2019,WR,draft_round,0.0032692328191763487
2019,WR,prev2_games,0.0027345862150012223
2019,WR,ppr_delta,0.002479470900807268
2019,WR,games_delta,0.0020748559943247536
2019,WR,prev1_rush_epa_pg,0.0017126883626354505
2019,WR,prev1_rec_ypt,0.0009955712069222855
2019,WR,prev1_attempts_pg,0.0
2019,WR,prev1_pass_yards_pg,0.0
2019,WR,prev1_pass_tds_pg,0.0
2019,WR,prev1_int_pg,0.0
2019,WR,prev1_pass_epa_pg,0.0
2019,WR,prev1_pass_ypa,0.0
2019,WR,age_missing,0.0
2019,WR,drafted,0.0
2019,WR,prev1_rush_yards_pg,-0.0007894598232313754
2019,WR,prev1_rush_ypc,-0.001361466372245701
2019,WR,has_prev2,-0.0013756368798693685
2019,WR,prev1_carries_pg,-0.002187758778486959
2019,WR,prev1_rush_tds_pg,-0.002263196095500497
2019,WR,prev1_air_yards_share,-0.0034102787542723335
2019,WR,experience_years,-0.003563520686335231
2020,WR,weighted_ppr_pg,0.2388340475100197
2020,WR,prev1_targets_pg,0.09870907246655936
2020,WR,prev1_ppr_pg,0.07708865386929001
2020,WR,age_sep1,0.05508475626210023
2020,WR,prev1_rec_yards_pg,0.051477257472983505
2020,WR,prev1_carries_pg,0.05124995201720779
2020,WR,prev1_target_share,0.034070285532356956
2020,WR,prev2_ppr_pg,0.02257545590577621
2020,WR,prev1_rush_epa_pg,0.013139714718339768
2020,WR,games_delta,0.01271651548266366
2020,WR,log_draft_pick,0.01249939234668016
2020,WR,draft_round,0.009594424973243231
2020,WR,prev1_pass_epa_pg,0.005820437482251517
2020,WR,prev1_receptions_pg,0.0019502685000646557
2020,WR,prev1_attempts_pg,0.0
2020,WR,prev1_pass_yards_pg,0.0
2020,WR,prev1_pass_tds_pg,0.0
2020,WR,prev1_int_pg,0.0
2020,WR,prev1_rush_tds_pg,0.0
2020,WR,prev1_pass_ypa,0.0
2020,WR,prev1_rush_ypc,0.0
2020,WR,has_prev2,0.0
2020,WR,age_missing,0.0
2020,WR,drafted,0.0
2020,WR,prev1_rec_tds_pg,-0.0005588708272272313
2020,WR,prev1_rush_yards_pg,-0.0012170509075986047
2020,WR,prev1_games,-0.0012281612816294363
2020,WR,experience_years,-0.0012609157559237082
2020,WR,prev1_wopr,-0.002379880433362924
2020,WR,prev1_air_yards_share,-0.0029151359957520382
2020,WR,prev1_rec_epa_pg,-0.004420835640326981
2020,WR,prev2_games,-0.00622249406731541
2020,WR,prev1_rec_ypt,-0.0163566917914701
2020,WR,ppr_delta,-0.05198537537391017
2021,WR,weighted_ppr_pg,0.6011099900119843
2021,WR,prev1_ppr_pg,0.10497549796777364
2021,WR,prev1_wopr,0.034619041595575425
2021,WR,prev1_rec_yards_pg,0.027722939968475035
2021,WR,age_sep1,0.02179806000405087
2021,WR,prev1_games,0.01728241979162428
2021,WR,prev1_receptions_pg,0.013300962770017577
2021,WR,ppr_delta,0.011748788376274532
2021,WR,prev1_pass_epa_pg,0.011513027195540638
2021,WR,prev1_target_share,0.009558432101847458
2021,WR,prev1_rec_tds_pg,0.004443301812660394
2021,WR,experience_years,0.0037292106140545123
2021,WR,prev1_rush_epa_pg,0.0033640884157735583
2021,WR,prev1_rush_ypc,0.0018250887077069678
2021,WR,draft_round,0.0012467842953445718
2021,WR,prev1_pass_tds_pg,0.0
2021,WR,prev1_int_pg,0.0
2021,WR,prev1_rush_tds_pg,0.0
2021,WR,prev1_pass_ypa,0.0
2021,WR,has_prev2,0.0
2021,WR,age_missing,0.0
2021,WR,drafted,0.0
2021,WR,games_delta,-0.002264277469361975
2021,WR,prev1_attempts_pg,-0.003310760333950391
2021,WR,prev1_rush_yards_pg,-0.004081685344857355
2021,WR,prev1_rec_ypt,-0.007247961544970672
2021,WR,prev1_air_yards_share,-0.008348277218063149
2021,WR,prev2_games,-0.008559642389018763
2021,WR,prev1_pass_yards_pg,-0.009284655425031384
2021,WR,log_draft_pick,-0.0100890937539452
2021,WR,prev1_targets_pg,-0.011053936372069195
2021,WR,prev1_carries_pg,-0.01143299848223327
2021,WR,prev1_rec_epa_pg,-0.02505188090156727
2021,WR,prev2_ppr_pg,-0.03410468929179258
2022,WR,weighted_ppr_pg,0.3789736282329761
2022,WR,prev1_ppr_pg,0.1404831094598437
2022,WR,prev1_targets_pg,0.08561533862040482
2022,WR,prev1_rec_yards_pg,0.06105048857975852
2022,WR,prev1_air_yards_share,0.053501338894902606
2022,WR,log_draft_pick,0.044619078654581215
2022,WR,prev1_target_share,0.04429901266723073
2022,WR,prev1_games,0.02907385544477705
2022,WR,draft_round,0.028615745708105857
2022,WR,age_sep1,0.023592730652010285
2022,WR,prev1_wopr,0.022920197626056637
2022,WR,prev1_rec_tds_pg,0.02001152053342139
2022,WR,prev1_carries_pg,0.017886221068552376
2022,WR,prev1_receptions_pg,0.015315051505915545
2022,WR,prev1_rush_ypc,0.00987005917607533
2022,WR,prev1_pass_epa_pg,0.003826224847360038
2022,WR,prev2_games,0.0005435357935820839
2022,WR,prev1_attempts_pg,0.0
2022,WR,prev1_pass_yards_pg,0.0
2022,WR,prev1_pass_tds_pg,0.0
2022,WR,prev1_int_pg,0.0
2022,WR,prev1_rush_tds_pg,0.0
2022,WR,prev1_pass_ypa,0.0
2022,WR,has_prev2,0.0
2022,WR,age_missing,0.0
2022,WR,drafted,0.0
2022,WR,experience_years,-0.0002678234534911006
2022,WR,prev1_rush_yards_pg,-0.0023313529504083164
2022,WR,prev2_ppr_pg,-0.010764377684489368
2022,WR,prev1_rush_epa_pg,-0.011527539639578598
2022,WR,prev1_rec_ypt,-0.01231496340521252
2022,WR,games_delta,-0.013252397698778484
2022,WR,ppr_delta,-0.019372650927900813
2022,WR,prev1_rec_epa_pg,-0.02800540395459148
2023,WR,weighted_ppr_pg,0.42002178442542604
2023,WR,prev1_ppr_pg,0.27101197219802386
2023,WR,prev1_rec_yards_pg,0.13329533862893223
2023,WR,prev1_wopr,0.09752172065252811
2023,WR,prev1_rec_epa_pg,0.07309009162092198
2023,WR,prev1_air_yards_share,0.07237726196298988
2023,WR,prev1_targets_pg,0.06956514198544568
2023,WR,prev2_ppr_pg,0.0656181727950302
2023,WR,log_draft_pick,0.055242812898843405
2023,WR,prev1_target_share,0.039013894523379555
2023,WR,prev1_receptions_pg,0.019412101553379735
2023,WR,prev1_rec_tds_pg,0.015288876821333019
2023,WR,draft_round,0.01441074722719753
2023,WR,prev1_games,0.005558846895439551
2023,WR,prev1_rush_tds_pg,0.004323101935038753
2023,WR,prev1_rush_ypc,0.003661880705640286
2023,WR,prev2_games,0.0008196405473689161
2023,WR,prev1_rush_yards_pg,0.0006974405215402158
2023,WR,prev1_attempts_pg,0.0
2023,WR,prev1_pass_yards_pg,0.0
2023,WR,prev1_pass_tds_pg,0.0
2023,WR,prev1_int_pg,0.0
2023,WR,prev1_pass_ypa,0.0
2023,WR,age_missing,0.0
2023,WR,drafted,0.0
2023,WR,ppr_delta,-0.0015809061875277307
2023,WR,has_prev2,-0.0024571194325058165
2023,WR,prev1_rush_epa_pg,-0.003820493775526046
2023,WR,prev1_pass_epa_pg,-0.004248546839184098
2023,WR,experience_years,-0.00526909718682127
2023,WR,games_delta,-0.007761257007673894
2023,WR,age_sep1,-0.007772367413307002
2023,WR,prev1_rec_ypt,-0.009093095849840527
2023,WR,prev1_carries_pg,-0.012997295903018902
2024,WR,weighted_ppr_pg,0.5115187833504223
2024,WR,prev1_targets_pg,0.15766627212718545
2024,WR,prev1_ppr_pg,0.14227390104529986
2024,WR,prev1_rec_yards_pg,0.1403078479726121
2024,WR,prev1_wopr,0.12346954205583441
2024,WR,log_draft_pick,0.10499650943550112
2024,WR,prev1_air_yards_share,0.09754725200672584
2024,WR,age_sep1,0.08121991370684319
2024,WR,prev1_target_share,0.060898927796402005
2024,WR,prev1_games,0.02396783262491429
2024,WR,prev1_receptions_pg,0.023635017673207505
2024,WR,prev2_games,0.014797051964669539
2024,WR,ppr_delta,0.014059455190302472
2024,WR,prev1_rec_epa_pg,0.01133962878970447
2024,WR,prev1_pass_epa_pg,0.010632749533150765
2024,WR,prev2_ppr_pg,0.006906425216344658
2024,WR,games_delta,0.0034532337511204323
2024,WR,prev1_rush_ypc,0.0029671643983220975
2024,WR,prev1_rush_yards_pg,0.0014453378163931773
2024,WR,prev1_attempts_pg,0.0
2024,WR,prev1_pass_yards_pg,0.0
2024,WR,prev1_pass_tds_pg,0.0
2024,WR,prev1_int_pg,0.0
2024,WR,prev1_pass_ypa,0.0
2024,WR,has_prev2,0.0
2024,WR,age_missing,0.0
2024,WR,drafted,0.0
2024,WR,draft_round,-0.0006316402651816766
2024,WR,experience_years,-0.000998485747510891
2024,WR,prev1_rush_tds_pg,-0.0013597090871412475
2024,WR,prev1_rec_ypt,-0.006423156958203879
2024,WR,prev1_rush_epa_pg,-0.00794183850142014
2024,WR,prev1_carries_pg,-0.010645801190732574
2024,WR,prev1_rec_tds_pg,-0.012550455094471146
2025,WR,weighted_ppr_pg,0.39868856654543744
2025,WR,prev1_rec_yards_pg,0.12435600692709503
2025,WR,prev1_targets_pg,0.105345677069079
2025,WR,prev1_wopr,0.08993745183509771
2025,WR,log_draft_pick,0.08822442746885777
2025,WR,prev1_rec_epa_pg,0.059967955030179
2025,WR,prev2_ppr_pg,0.05200799619088707
2025,WR,prev1_target_share,0.04883240543339022
2025,WR,age_sep1,0.04854134429601
2025,WR,prev1_ppr_pg,0.044739055982724985
2025,WR,prev1_air_yards_share,0.03283103746292371
2025,WR,prev1_receptions_pg,0.019979413670832356
2025,WR,prev1_carries_pg,0.015391156584055387
2025,WR,prev2_games,0.007344203804572391
2025,WR,prev1_games,0.0057368575494045615
2025,WR,prev1_rush_ypc,0.005151577589614575
2025,WR,prev1_rush_yards_pg,0.004525658422718326
2025,WR,ppr_delta,0.0030062275547081186
2025,WR,prev1_pass_tds_pg,0.0005508736365815281
2025,WR,prev1_attempts_pg,0.0
2025,WR,prev1_pass_yards_pg,0.0
2025,WR,prev1_int_pg,0.0
2025,WR,prev1_rush_tds_pg,0.0
2025,WR,prev1_pass_ypa,0.0
2025,WR,has_prev2,0.0
2025,WR,age_missing,0.0
2025,WR,experience_years,0.0
2025,WR,draft_round,0.0
2025,WR,drafted,0.0
2025,WR,prev1_pass_epa_pg,-0.0006657683712327333
2025,WR,prev1_rush_epa_pg,-0.002911184736289041
2025,WR,games_delta,-0.00564036460535382
2025,WR,prev1_rec_tds_pg,-0.007429379894809162
2025,WR,prev1_rec_ypt,-0.010835452629795128
