split,scope,scope_value,model,predicted_range,n,mean_prediction,mean_actual,bias
development,pooled,ALL,PREV_RATE,<=8,866,4.062139145496536,2.9861431870669746,1.0759959584295613
development,pooled,ALL,PREV_RATE,8-11,250,9.8925,5.308,4.5845
development,pooled,ALL,PREV_RATE,11-14,276,12.995923913043478,6.271739130434782,6.724184782608695
development,pooled,ALL,PREV_RATE,>14,343,15.815415451895044,7.4723032069970845,8.34311224489796
development,pooled,ALL,RIDGE_MINIMAL,<=8,1630,4.667269353158749,4.531901840490797,0.1353675126679516
development,pooled,ALL,RIDGE_MINIMAL,8-11,105,8.186702486429452,7.809523809523809,0.37717867690564183
development,pooled,ALL,POISSON_MINIMAL,<=8,1591,4.537229958673089,4.469516027655563,0.06771393101752617
development,pooled,ALL,POISSON_MINIMAL,8-11,144,8.642004080450267,7.611111111111111,1.0308929693391553
development,pooled,ALL,RIDGE_FULL,<=8,1543,4.347154275524572,4.3849643551523005,-0.037810079627728685
development,pooled,ALL,RIDGE_FULL,8-11,182,8.931918819047734,7.538461538461538,1.393457280586196
development,pooled,ALL,RIDGE_FULL,11-14,8,11.867716051264507,6.25,5.617716051264507
development,pooled,ALL,RIDGE_FULL,>14,2,14.23208706684456,9.5,4.73208706684456
development,pooled,ALL,MULTINOMIAL_HURDLE,<=8,1583,4.497357354033317,4.426405559065066,0.0709517949682513
development,pooled,ALL,MULTINOMIAL_HURDLE,8-11,152,8.728192781067621,7.894736842105263,0.8334559389623583
development,position,QB,PREV_RATE,<=8,154,3.3591720779220777,2.4285714285714284,0.9306006493506493
development,position,QB,PREV_RATE,8-11,21,9.979166666666666,4.333333333333333,5.645833333333333
development,position,QB,PREV_RATE,11-14,21,13.142857142857142,7.476190476190476,5.666666666666667
development,position,QB,PREV_RATE,>14,41,15.916158536585366,7.073170731707317,8.84298780487805
development,position,QB,RIDGE_MINIMAL,<=8,217,4.046863434743224,3.543778801843318,0.5030846328999049
development,position,QB,RIDGE_MINIMAL,8-11,20,8.301908349469809,7.15,1.1519083494698112
development,position,QB,POISSON_MINIMAL,<=8,207,3.741981329732828,3.3043478260869565,0.43763350364587134
development,position,QB,POISSON_MINIMAL,8-11,30,8.94547390785043,7.6,1.3454739078504296
development,position,QB,RIDGE_FULL,<=8,212,3.8213659411947667,3.5235849056603774,0.29778103553438884
development,position,QB,RIDGE_FULL,8-11,25,8.84648667700885,6.6,2.24648667700885
development,position,QB,MULTINOMIAL_HURDLE,<=8,201,3.5403926456934793,3.1592039800995027,0.3811886655939772
development,position,QB,MULTINOMIAL_HURDLE,8-11,36,9.310970464428555,7.694444444444445,1.6165260199841092
development,position,RB,PREV_RATE,<=8,205,4.1673780487804875,3.1463414634146343,1.0210365853658536
development,position,RB,PREV_RATE,8-11,74,9.785472972972974,5.797297297297297,3.988175675675676
development,position,RB,PREV_RATE,11-14,73,13.031678082191782,6.876712328767123,6.154965753424658
development,position,RB,PREV_RATE,>14,96,15.797526041666666,6.40625,9.391276041666666
development,position,RB,RIDGE_MINIMAL,<=8,436,4.937456915873564,4.830275229357798,0.1071816865157652
development,position,RB,RIDGE_MINIMAL,8-11,12,8.045454025945936,7.083333333333333,0.9621206926126019
development,position,RB,POISSON_MINIMAL,<=8,421,4.803057379392354,4.764845605700713,0.03821177369164187
development,position,RB,POISSON_MINIMAL,8-11,27,8.39603142619603,6.851851851851852,1.5441795743441777
development,position,RB,RIDGE_FULL,<=8,400,4.467208346182232,4.545,-0.07779165381776838
development,position,RB,RIDGE_FULL,8-11,42,8.8100659442515,7.880952380952381,0.9291135632991179
development,position,RB,RIDGE_FULL,11-14,4,11.879024311533291,5.75,6.129024311533291
development,position,RB,RIDGE_FULL,>14,2,14.23208706684456,9.5,4.73208706684456
development,position,RB,MULTINOMIAL_HURDLE,<=8,427,4.868099290507527,4.76112412177986,0.10697516872766795
development,position,RB,MULTINOMIAL_HURDLE,8-11,21,8.119841724427117,7.523809523809524,0.5960322006175931
development,position,WR,PREV_RATE,<=8,305,4.260655737704918,2.9672131147540983,1.2934426229508196
development,position,WR,PREV_RATE,8-11,92,9.94633152173913,5.836956521739131,4.109375
development,position,WR,PREV_RATE,11-14,117,12.933760683760683,5.7094017094017095,7.2243589743589745
development,position,WR,PREV_RATE,>14,154,15.806006493506494,8.181818181818182,7.624188311688312
development,position,WR,RIDGE_MINIMAL,<=8,625,4.670041554255652,4.84,-0.1699584457443471
development,position,WR,RIDGE_MINIMAL,8-11,43,8.064873545999983,8.023255813953488,0.04161773204649417
development,position,WR,POISSON_MINIMAL,<=8,625,4.645616387933689,4.84,-0.19438361206631088
development,position,WR,POISSON_MINIMAL,8-11,43,8.45028723548751,8.023255813953488,0.4270314215340221
development,position,WR,RIDGE_FULL,<=8,580,4.252089381884921,4.639655172413793,-0.38756579052887186
development,position,WR,RIDGE_FULL,8-11,85,8.998508909243142,7.670588235294118,1.3279206739490246
development,position,WR,RIDGE_FULL,11-14,3,12.030217871576054,9.0,3.030217871576054
development,position,WR,MULTINOMIAL_HURDLE,<=8,613,4.557187101465941,4.761827079934747,-0.2046399784688052
development,position,WR,MULTINOMIAL_HURDLE,8-11,55,8.409258864700792,8.2,0.2092588647007937
development,position,TE,PREV_RATE,<=8,202,4.1915222772277225,3.277227722772277,0.9142945544554455
development,position,TE,PREV_RATE,8-11,63,9.910714285714286,4.285714285714286,5.625
development,position,TE,PREV_RATE,11-14,65,13.020192307692307,6.2153846153846155,6.804807692307692
development,position,TE,PREV_RATE,>14,52,15.796875,7.653846153846154,8.143028846153847
development,position,TE,RIDGE_MINIMAL,<=8,352,4.710149129485298,4.224431818181818,0.4857173113034804
development,position,TE,RIDGE_MINIMAL,8-11,30,8.341019443211525,8.233333333333333,0.10768610987818998
development,position,TE,POISSON_MINIMAL,<=8,338,4.492737662164059,4.1301775147929,0.36256014737115955
development,position,TE,POISSON_MINIMAL,8-11,44,8.77339024354704,7.681818181818182,1.091572061728857
development,position,TE,RIDGE_FULL,<=8,351,4.684997970470021,4.301994301994302,0.3830036684757187
development,position,TE,RIDGE_FULL,8-11,30,8.985034373241213,7.466666666666667,1.5183677065745462
development,position,TE,RIDGE_FULL,11-14,1,11.334977549254736,0.0,11.334977549254736
development,position,TE,MULTINOMIAL_HURDLE,<=8,342,4.489659881301216,4.152046783625731,0.3376130976754847
development,position,TE,MULTINOMIAL_HURDLE,8-11,40,8.961611305783435,7.85,1.1116113057834354
confirmation,pooled,ALL,PREV_RATE,<=8,911,3.8825466520307352,2.695938529088913,1.1866081229418222
confirmation,pooled,ALL,PREV_RATE,8-11,223,10.062780269058296,5.663677130044843,4.3991031390134525
confirmation,pooled,ALL,PREV_RATE,11-14,275,12.989090909090908,6.723636363636364,6.265454545454546
confirmation,pooled,ALL,PREV_RATE,>14,364,16.13736263736264,8.137362637362637,8.0
confirmation,pooled,ALL,RIDGE_MINIMAL,<=8,1603,4.496128690958075,4.361821584529008,0.13430710642906735
confirmation,pooled,ALL,RIDGE_MINIMAL,8-11,170,8.350890076559443,9.047058823529412,-0.6961687469699687
confirmation,pooled,ALL,POISSON_MINIMAL,<=8,1549,4.363984030757928,4.203357004519044,0.16062702623888367
confirmation,pooled,ALL,POISSON_MINIMAL,8-11,224,8.674411090740508,9.013392857142858,-0.33898176640234834
confirmation,pooled,ALL,RIDGE_FULL,<=8,1590,4.279395426014588,4.263522012578616,0.01587341343597175
confirmation,pooled,ALL,RIDGE_FULL,8-11,179,9.030550059681087,9.46368715083799,-0.4331370911569024
confirmation,pooled,ALL,RIDGE_FULL,11-14,1,11.109427294006565,17.0,-5.890572705993435
confirmation,pooled,ALL,RIDGE_FULL,>14,3,16.44412622876742,13.333333333333334,3.110792895434089
confirmation,pooled,ALL,MULTINOMIAL_HURDLE,<=8,1538,4.313124220601081,4.1697009102730815,0.14342331032799893
confirmation,pooled,ALL,MULTINOMIAL_HURDLE,8-11,235,8.716644808986702,9.008510638297873,-0.2918658293111705
confirmation,position,QB,PREV_RATE,<=8,176,3.664772727272727,3.1875,0.4772727272727273
confirmation,position,QB,PREV_RATE,8-11,26,10.0,5.3076923076923075,4.6923076923076925
confirmation,position,QB,PREV_RATE,11-14,30,12.933333333333334,5.766666666666667,7.166666666666667
confirmation,position,QB,PREV_RATE,>14,26,16.192307692307693,6.538461538461538,9.653846153846153
confirmation,position,QB,RIDGE_MINIMAL,<=8,247,3.928410296036162,3.9919028340080973,-0.06349253797193533
confirmation,position,QB,RIDGE_MINIMAL,8-11,11,8.381024739669801,5.090909090909091,3.2901156487607093
confirmation,position,QB,POISSON_MINIMAL,<=8,242,3.739319955997754,3.830578512396694,-0.09125855639894058
confirmation,position,QB,POISSON_MINIMAL,8-11,16,8.873038907397362,7.1875,1.6855389073973606
confirmation,position,QB,RIDGE_FULL,<=8,248,3.9188378394065118,4.008064516129032,-0.08922667672252042
confirmation,position,QB,RIDGE_FULL,8-11,10,8.5394237232189,4.8,3.7394237232188985
confirmation,position,QB,MULTINOMIAL_HURDLE,<=8,240,3.593922236637899,3.783333333333333,-0.18941109669543438
confirmation,position,QB,MULTINOMIAL_HURDLE,8-11,18,9.388922665966067,7.444444444444445,1.9444782215216234
confirmation,position,RB,PREV_RATE,<=8,223,3.6995515695067263,2.210762331838565,1.4887892376681615
confirmation,position,RB,PREV_RATE,8-11,49,10.10204081632653,4.918367346938775,5.183673469387755
confirmation,position,RB,PREV_RATE,11-14,77,13.025974025974026,7.740259740259741,5.285714285714286
confirmation,position,RB,PREV_RATE,>14,103,16.116504854368934,7.543689320388349,8.572815533980583
confirmation,position,RB,RIDGE_MINIMAL,<=8,416,4.63497374480066,4.278846153846154,0.35612759095450663
confirmation,position,RB,RIDGE_MINIMAL,8-11,36,8.30432752243325,9.083333333333334,-0.7790058109000843
confirmation,position,RB,POISSON_MINIMAL,<=8,405,4.582567719938279,4.11358024691358,0.46898747302469884
confirmation,position,RB,POISSON_MINIMAL,8-11,47,8.634525125017966,9.382978723404255,-0.7484535983862896
confirmation,position,RB,RIDGE_FULL,<=8,406,4.326430761803604,4.088669950738916,0.2377608110646883
confirmation,position,RB,RIDGE_FULL,8-11,45,8.911152403410323,9.555555555555555,-0.6444031521452331
confirmation,position,RB,RIDGE_FULL,11-14,1,11.109427294006565,17.0,-5.890572705993435
confirmation,position,RB,MULTINOMIAL_HURDLE,<=8,409,4.639276517752241,4.207823960880195,0.43145255687204553
confirmation,position,RB,MULTINOMIAL_HURDLE,8-11,43,8.519355625300717,8.976744186046512,-0.4573885607457968
confirmation,position,WR,PREV_RATE,<=8,320,3.909375,2.65,1.259375
confirmation,position,WR,PREV_RATE,8-11,92,10.032608695652174,5.728260869565218,4.304347826086956
confirmation,position,WR,PREV_RATE,11-14,107,12.981308411214954,5.5046728971962615,7.4766355140186915
confirmation,position,WR,PREV_RATE,>14,164,16.24390243902439,8.310975609756097,7.932926829268292
confirmation,position,WR,RIDGE_MINIMAL,<=8,613,4.5703630549895315,4.363784665579119,0.20657838941041307
confirmation,position,WR,RIDGE_MINIMAL,8-11,70,8.342074696703953,9.314285714285715,-0.9722110175817592
confirmation,position,WR,POISSON_MINIMAL,<=8,585,4.421001488834397,4.177777777777778,0.24322371105662002
confirmation,position,WR,POISSON_MINIMAL,8-11,98,8.616355868129716,9.010204081632653,-0.39384821350293703
confirmation,position,WR,RIDGE_FULL,<=8,598,4.230017315116237,4.157190635451505,0.07282667966473187
confirmation,position,WR,RIDGE_FULL,8-11,85,9.197950614189391,9.894117647058824,-0.6961670328694326
confirmation,position,WR,MULTINOMIAL_HURDLE,<=8,577,4.344551274123255,4.0606585788561524,0.2838926952671017
confirmation,position,WR,MULTINOMIAL_HURDLE,8-11,106,8.606199101906093,9.283018867924529,-0.6768197660184361
confirmation,position,TE,PREV_RATE,<=8,192,4.25,2.8854166666666665,1.3645833333333333
confirmation,position,TE,PREV_RATE,8-11,56,10.107142857142858,6.375,3.732142857142857
confirmation,position,TE,PREV_RATE,11-14,61,12.98360655737705,8.049180327868852,4.934426229508197
confirmation,position,TE,PREV_RATE,>14,71,15.901408450704226,9.183098591549296,6.71830985915493
confirmation,position,TE,RIDGE_MINIMAL,<=8,327,4.609159993697875,4.743119266055046,-0.133959272357171
confirmation,position,TE,RIDGE_MINIMAL,8-11,53,8.387906062299317,9.49056603773585,-1.102659975436534
confirmation,position,TE,POISSON_MINIMAL,<=8,317,4.4563723556764945,4.649842271293376,-0.19346991561688093
confirmation,position,TE,POISSON_MINIMAL,8-11,63,8.744030251666027,9.206349206349206,-0.46231895468318046
confirmation,position,TE,RIDGE_FULL,<=8,338,4.574809761711855,4.849112426035503,-0.2743026643236481
confirmation,position,TE,RIDGE_FULL,8-11,39,8.929399053619559,9.615384615384615,-0.6859855617650581
confirmation,position,TE,RIDGE_FULL,>14,3,16.44412622876742,13.333333333333334,3.110792895434089
confirmation,position,TE,MULTINOMIAL_HURDLE,<=8,312,4.380684402440968,4.618589743589744,-0.23790534114877482
confirmation,position,TE,MULTINOMIAL_HURDLE,8-11,68,8.835610668154548,9.014705882352942,-0.1790952141983939
