season,position,family,n,mean_feature_coverage,row_70pct_coverage_rate,prior_team_available_rate,split
2018,QB,OPPORTUNITY_ROLE,29,0.9655172413793104,0.9655172413793104,0.9655172413793104,development
2018,RB,OPPORTUNITY_ROLE,58,0.962474645030426,0.9655172413793104,0.9655172413793104,development
2018,WR,OPPORTUNITY_ROLE,84,0.9523809523809523,0.9523809523809523,0.9523809523809523,development
2018,TE,OPPORTUNITY_ROLE,51,0.9215686274509803,0.9215686274509803,0.9215686274509803,development
2019,QB,OPPORTUNITY_ROLE,31,1.0,1.0,1.0,development
2019,RB,OPPORTUNITY_ROLE,55,0.9251336898395722,0.9272727272727272,0.9272727272727272,development
2019,WR,OPPORTUNITY_ROLE,85,0.9636363636363636,0.9647058823529412,0.9647058823529412,development
2019,TE,OPPORTUNITY_ROLE,49,0.9591836734693877,0.9591836734693877,0.9591836734693877,development
2020,QB,OPPORTUNITY_ROLE,37,0.972972972972973,0.972972972972973,0.972972972972973,development
2020,RB,OPPORTUNITY_ROLE,62,0.945920303605313,0.9516129032258065,0.9516129032258065,development
2020,WR,OPPORTUNITY_ROLE,94,0.9787234042553191,0.9787234042553191,0.9787234042553191,development
2020,TE,OPPORTUNITY_ROLE,48,1.0,1.0,1.0,development
2021,QB,OPPORTUNITY_ROLE,37,1.0,1.0,1.0,development
2021,RB,OPPORTUNITY_ROLE,65,0.9809954751131222,0.9846153846153847,0.9846153846153847,development
2021,WR,OPPORTUNITY_ROLE,91,0.932067932067932,0.9340659340659341,0.9340659340659341,development
2021,TE,OPPORTUNITY_ROLE,51,0.9607843137254902,0.9607843137254902,0.9607843137254902,development
2018,QB,EFFICIENCY_REGRESSION,29,0.7241379310344829,0.6206896551724138,0.9655172413793104,development
2018,RB,EFFICIENCY_REGRESSION,58,0.7228116710875331,0.6724137931034483,0.9655172413793104,development
2018,WR,EFFICIENCY_REGRESSION,84,0.8146258503401359,0.8690476190476191,0.9523809523809523,development
2018,TE,EFFICIENCY_REGRESSION,51,0.7254901960784313,0.7843137254901961,0.9215686274509803,development
2019,QB,EFFICIENCY_REGRESSION,31,0.7295285359801489,0.6774193548387096,1.0,development
2019,RB,EFFICIENCY_REGRESSION,55,0.6853146853146852,0.6545454545454545,0.9272727272727272,development
2019,WR,EFFICIENCY_REGRESSION,85,0.7932773109243698,0.8470588235294118,0.9647058823529412,development
2019,TE,EFFICIENCY_REGRESSION,49,0.80466472303207,0.8775510204081632,0.9591836734693877,development
2020,QB,EFFICIENCY_REGRESSION,37,0.760914760914761,0.6756756756756757,0.972972972972973,development
2020,RB,EFFICIENCY_REGRESSION,62,0.7568238213399504,0.7258064516129032,0.9516129032258065,development
2020,WR,EFFICIENCY_REGRESSION,94,0.762917933130699,0.8085106382978723,0.9787234042553191,development
2020,TE,EFFICIENCY_REGRESSION,48,0.6875,0.75,1.0,development
2021,QB,EFFICIENCY_REGRESSION,37,0.7567567567567568,0.5945945945945946,1.0,development
2021,RB,EFFICIENCY_REGRESSION,65,0.6958579881656805,0.6923076923076923,0.9846153846153847,development
2021,WR,EFFICIENCY_REGRESSION,91,0.7362637362637363,0.7912087912087912,0.9340659340659341,development
2021,TE,EFFICIENCY_REGRESSION,51,0.6666666666666665,0.7254901960784313,0.9607843137254902,development
2018,QB,QB_TEAM_ENVIRONMENT,29,0.9655172413793104,0.9655172413793104,0.9655172413793104,development
2018,RB,QB_TEAM_ENVIRONMENT,58,0.9655172413793104,0.9655172413793104,0.9655172413793104,development
2018,WR,QB_TEAM_ENVIRONMENT,84,0.9523809523809523,0.9523809523809523,0.9523809523809523,development
2018,TE,QB_TEAM_ENVIRONMENT,51,0.9215686274509803,0.9215686274509803,0.9215686274509803,development
2019,QB,QB_TEAM_ENVIRONMENT,31,1.0,1.0,1.0,development
2019,RB,QB_TEAM_ENVIRONMENT,55,0.9272727272727272,0.9272727272727272,0.9272727272727272,development
2019,WR,QB_TEAM_ENVIRONMENT,85,0.9647058823529412,0.9647058823529412,0.9647058823529412,development
2019,TE,QB_TEAM_ENVIRONMENT,49,0.9591836734693877,0.9591836734693877,0.9591836734693877,development
2020,QB,QB_TEAM_ENVIRONMENT,37,0.9707207207207207,0.972972972972973,0.972972972972973,development
2020,RB,QB_TEAM_ENVIRONMENT,62,0.9516129032258065,0.9516129032258065,0.9516129032258065,development
2020,WR,QB_TEAM_ENVIRONMENT,94,0.9787234042553191,0.9787234042553191,0.9787234042553191,development
2020,TE,QB_TEAM_ENVIRONMENT,48,1.0,1.0,1.0,development
2021,QB,QB_TEAM_ENVIRONMENT,37,1.0,1.0,1.0,development
2021,RB,QB_TEAM_ENVIRONMENT,65,0.9846153846153847,0.9846153846153847,0.9846153846153847,development
2021,WR,QB_TEAM_ENVIRONMENT,91,0.9340659340659341,0.9340659340659341,0.9340659340659341,development
2021,TE,QB_TEAM_ENVIRONMENT,51,0.9607843137254902,0.9607843137254902,0.9607843137254902,development
2018,QB,OL_ENVIRONMENT,29,0.9655172413793104,0.9655172413793104,0.9655172413793104,development
2018,RB,OL_ENVIRONMENT,58,0.9655172413793104,0.9655172413793104,0.9655172413793104,development
2018,WR,OL_ENVIRONMENT,84,0.9523809523809523,0.9523809523809523,0.9523809523809523,development
2018,TE,OL_ENVIRONMENT,51,0.9215686274509803,0.9215686274509803,0.9215686274509803,development
2019,QB,OL_ENVIRONMENT,31,1.0,1.0,1.0,development
2019,RB,OL_ENVIRONMENT,55,0.9272727272727272,0.9272727272727272,0.9272727272727272,development
2019,WR,OL_ENVIRONMENT,85,0.9647058823529412,0.9647058823529412,0.9647058823529412,development
2019,TE,OL_ENVIRONMENT,49,0.9591836734693877,0.9591836734693877,0.9591836734693877,development
2020,QB,OL_ENVIRONMENT,37,0.972972972972973,0.972972972972973,0.972972972972973,development
2020,RB,OL_ENVIRONMENT,62,0.9516129032258065,0.9516129032258065,0.9516129032258065,development
2020,WR,OL_ENVIRONMENT,94,0.9787234042553191,0.9787234042553191,0.9787234042553191,development
2020,TE,OL_ENVIRONMENT,48,1.0,1.0,1.0,development
2021,QB,OL_ENVIRONMENT,37,1.0,1.0,1.0,development
2021,RB,OL_ENVIRONMENT,65,0.9846153846153847,0.9846153846153847,0.9846153846153847,development
2021,WR,OL_ENVIRONMENT,91,0.9340659340659341,0.9340659340659341,0.9340659340659341,development
2021,TE,OL_ENVIRONMENT,51,0.9607843137254902,0.9607843137254902,0.9607843137254902,development
2018,QB,AGE_DRAFT_INTERACTIONS,29,1.0,1.0,0.9655172413793104,development
2018,RB,AGE_DRAFT_INTERACTIONS,58,1.0,1.0,0.9655172413793104,development
2018,WR,AGE_DRAFT_INTERACTIONS,84,1.0,1.0,0.9523809523809523,development
2018,TE,AGE_DRAFT_INTERACTIONS,51,1.0,1.0,0.9215686274509803,development
2019,QB,AGE_DRAFT_INTERACTIONS,31,1.0,1.0,1.0,development
2019,RB,AGE_DRAFT_INTERACTIONS,55,1.0,1.0,0.9272727272727272,development
2019,WR,AGE_DRAFT_INTERACTIONS,85,1.0,1.0,0.9647058823529412,development
2019,TE,AGE_DRAFT_INTERACTIONS,49,1.0,1.0,0.9591836734693877,development
2020,QB,AGE_DRAFT_INTERACTIONS,37,1.0,1.0,0.972972972972973,development
2020,RB,AGE_DRAFT_INTERACTIONS,62,1.0,1.0,0.9516129032258065,development
2020,WR,AGE_DRAFT_INTERACTIONS,94,1.0,1.0,0.9787234042553191,development
2020,TE,AGE_DRAFT_INTERACTIONS,48,1.0,1.0,1.0,development
2021,QB,AGE_DRAFT_INTERACTIONS,37,1.0,1.0,1.0,development
2021,RB,AGE_DRAFT_INTERACTIONS,65,1.0,1.0,0.9846153846153847,development
2021,WR,AGE_DRAFT_INTERACTIONS,91,1.0,1.0,0.9340659340659341,development
2021,TE,AGE_DRAFT_INTERACTIONS,51,1.0,1.0,0.9607843137254902,development
2022,QB,OPPORTUNITY_ROLE,44,0.9545454545454546,0.9545454545454546,0.9545454545454546,confirmation
2022,RB,OPPORTUNITY_ROLE,62,0.9487666034155599,0.9516129032258065,0.9516129032258065,confirmation
2022,WR,OPPORTUNITY_ROLE,96,0.9375,0.9375,0.9375,confirmation
2022,TE,OPPORTUNITY_ROLE,56,0.9448051948051948,0.9464285714285714,0.9464285714285714,confirmation
2023,QB,OPPORTUNITY_ROLE,42,1.0,1.0,1.0,confirmation
2023,RB,OPPORTUNITY_ROLE,59,0.9780658025922233,0.9830508474576272,0.9830508474576272,confirmation
2023,WR,OPPORTUNITY_ROLE,77,0.974025974025974,0.974025974025974,0.974025974025974,confirmation
2023,TE,OPPORTUNITY_ROLE,52,0.9615384615384616,0.9615384615384616,0.9615384615384616,confirmation
2024,QB,OPPORTUNITY_ROLE,41,0.975609756097561,0.975609756097561,0.975609756097561,confirmation
2024,RB,OPPORTUNITY_ROLE,59,0.9631106679960121,0.9661016949152542,0.9661016949152542,confirmation
2024,WR,OPPORTUNITY_ROLE,85,0.9529411764705882,0.9529411764705882,0.9529411764705882,confirmation
2024,TE,OPPORTUNITY_ROLE,50,1.0,1.0,1.0,confirmation
2025,QB,OPPORTUNITY_ROLE,36,0.9722222222222222,0.9722222222222222,0.9722222222222222,confirmation
2025,RB,OPPORTUNITY_ROLE,52,0.9027149321266967,0.9038461538461539,0.9038461538461539,confirmation
2025,WR,OPPORTUNITY_ROLE,86,0.9883720930232558,0.9883720930232558,0.9883720930232558,confirmation
2025,TE,OPPORTUNITY_ROLE,57,0.9298245614035088,0.9298245614035088,0.9298245614035088,confirmation
2022,QB,EFFICIENCY_REGRESSION,44,0.673076923076923,0.5227272727272727,0.9545454545454546,confirmation
2022,RB,EFFICIENCY_REGRESSION,62,0.7220843672456574,0.7258064516129032,0.9516129032258065,confirmation
2022,WR,EFFICIENCY_REGRESSION,96,0.7633928571428571,0.8229166666666666,0.9375,confirmation
2022,TE,EFFICIENCY_REGRESSION,56,0.7091836734693876,0.7678571428571429,0.9464285714285714,confirmation
2023,QB,EFFICIENCY_REGRESSION,42,0.804029304029304,0.6428571428571429,1.0,confirmation
2023,RB,EFFICIENCY_REGRESSION,59,0.7118644067796611,0.6610169491525424,0.9830508474576272,confirmation
2023,WR,EFFICIENCY_REGRESSION,77,0.7643784786641927,0.8181818181818182,0.974025974025974,confirmation
2023,TE,EFFICIENCY_REGRESSION,52,0.8049450549450547,0.8846153846153846,0.9615384615384616,confirmation
2024,QB,EFFICIENCY_REGRESSION,41,0.8123827392120074,0.7560975609756098,0.975609756097561,confirmation
2024,RB,EFFICIENCY_REGRESSION,59,0.72490221642764,0.711864406779661,0.9661016949152542,confirmation
2024,WR,EFFICIENCY_REGRESSION,85,0.7932773109243698,0.8470588235294118,0.9529411764705882,confirmation
2024,TE,EFFICIENCY_REGRESSION,50,0.7857142857142857,0.86,1.0,confirmation
2025,QB,EFFICIENCY_REGRESSION,36,0.702991452991453,0.6388888888888888,0.9722222222222222,confirmation
2025,RB,EFFICIENCY_REGRESSION,52,0.720414201183432,0.7115384615384616,0.9038461538461539,confirmation
2025,WR,EFFICIENCY_REGRESSION,86,0.7192691029900331,0.7674418604651163,0.9883720930232558,confirmation
2025,TE,EFFICIENCY_REGRESSION,57,0.6466165413533834,0.7017543859649122,0.9298245614035088,confirmation
2022,QB,QB_TEAM_ENVIRONMENT,44,0.9507575757575757,0.9545454545454546,0.9545454545454546,confirmation
2022,RB,QB_TEAM_ENVIRONMENT,62,0.9516129032258065,0.9516129032258065,0.9516129032258065,confirmation
2022,WR,QB_TEAM_ENVIRONMENT,96,0.9375,0.9375,0.9375,confirmation
2022,TE,QB_TEAM_ENVIRONMENT,56,0.9464285714285714,0.9464285714285714,0.9464285714285714,confirmation
2023,QB,QB_TEAM_ENVIRONMENT,42,1.0,1.0,1.0,confirmation
2023,RB,QB_TEAM_ENVIRONMENT,59,0.9830508474576272,0.9830508474576272,0.9830508474576272,confirmation
2023,WR,QB_TEAM_ENVIRONMENT,77,0.974025974025974,0.974025974025974,0.974025974025974,confirmation
2023,TE,QB_TEAM_ENVIRONMENT,52,0.9615384615384616,0.9615384615384616,0.9615384615384616,confirmation
2024,QB,QB_TEAM_ENVIRONMENT,41,0.975609756097561,0.975609756097561,0.975609756097561,confirmation
2024,RB,QB_TEAM_ENVIRONMENT,59,0.9661016949152542,0.9661016949152542,0.9661016949152542,confirmation
2024,WR,QB_TEAM_ENVIRONMENT,85,0.9529411764705882,0.9529411764705882,0.9529411764705882,confirmation
2024,TE,QB_TEAM_ENVIRONMENT,50,1.0,1.0,1.0,confirmation
2025,QB,QB_TEAM_ENVIRONMENT,36,0.9722222222222222,0.9722222222222222,0.9722222222222222,confirmation
2025,RB,QB_TEAM_ENVIRONMENT,52,0.9038461538461539,0.9038461538461539,0.9038461538461539,confirmation
2025,WR,QB_TEAM_ENVIRONMENT,86,0.9883720930232558,0.9883720930232558,0.9883720930232558,confirmation
2025,TE,QB_TEAM_ENVIRONMENT,57,0.9298245614035088,0.9298245614035088,0.9298245614035088,confirmation
2022,QB,OL_ENVIRONMENT,44,0.9545454545454546,0.9545454545454546,0.9545454545454546,confirmation
2022,RB,OL_ENVIRONMENT,62,0.9516129032258065,0.9516129032258065,0.9516129032258065,confirmation
2022,WR,OL_ENVIRONMENT,96,0.9375,0.9375,0.9375,confirmation
2022,TE,OL_ENVIRONMENT,56,0.9464285714285714,0.9464285714285714,0.9464285714285714,confirmation
2023,QB,OL_ENVIRONMENT,42,1.0,1.0,1.0,confirmation
2023,RB,OL_ENVIRONMENT,59,0.9830508474576272,0.9830508474576272,0.9830508474576272,confirmation
2023,WR,OL_ENVIRONMENT,77,0.974025974025974,0.974025974025974,0.974025974025974,confirmation
2023,TE,OL_ENVIRONMENT,52,0.9615384615384616,0.9615384615384616,0.9615384615384616,confirmation
2024,QB,OL_ENVIRONMENT,41,0.975609756097561,0.975609756097561,0.975609756097561,confirmation
2024,RB,OL_ENVIRONMENT,59,0.9661016949152542,0.9661016949152542,0.9661016949152542,confirmation
2024,WR,OL_ENVIRONMENT,85,0.9529411764705882,0.9529411764705882,0.9529411764705882,confirmation
2024,TE,OL_ENVIRONMENT,50,1.0,1.0,1.0,confirmation
2025,QB,OL_ENVIRONMENT,36,0.9722222222222222,0.9722222222222222,0.9722222222222222,confirmation
2025,RB,OL_ENVIRONMENT,52,0.9038461538461539,0.9038461538461539,0.9038461538461539,confirmation
2025,WR,OL_ENVIRONMENT,86,0.9883720930232558,0.9883720930232558,0.9883720930232558,confirmation
2025,TE,OL_ENVIRONMENT,57,0.9298245614035088,0.9298245614035088,0.9298245614035088,confirmation
2022,QB,AGE_DRAFT_INTERACTIONS,44,1.0,1.0,0.9545454545454546,confirmation
2022,RB,AGE_DRAFT_INTERACTIONS,62,1.0,1.0,0.9516129032258065,confirmation
2022,WR,AGE_DRAFT_INTERACTIONS,96,1.0,1.0,0.9375,confirmation
2022,TE,AGE_DRAFT_INTERACTIONS,56,1.0,1.0,0.9464285714285714,confirmation
2023,QB,AGE_DRAFT_INTERACTIONS,42,1.0,1.0,1.0,confirmation
2023,RB,AGE_DRAFT_INTERACTIONS,59,1.0,1.0,0.9830508474576272,confirmation
2023,WR,AGE_DRAFT_INTERACTIONS,77,1.0,1.0,0.974025974025974,confirmation
2023,TE,AGE_DRAFT_INTERACTIONS,52,1.0,1.0,0.9615384615384616,confirmation
2024,QB,AGE_DRAFT_INTERACTIONS,41,1.0,1.0,0.975609756097561,confirmation
2024,RB,AGE_DRAFT_INTERACTIONS,59,1.0,1.0,0.9661016949152542,confirmation
2024,WR,AGE_DRAFT_INTERACTIONS,85,1.0,1.0,0.9529411764705882,confirmation
2024,TE,AGE_DRAFT_INTERACTIONS,50,1.0,1.0,1.0,confirmation
2025,QB,AGE_DRAFT_INTERACTIONS,36,1.0,1.0,0.9722222222222222,confirmation
2025,RB,AGE_DRAFT_INTERACTIONS,52,1.0,1.0,0.9038461538461539,confirmation
2025,WR,AGE_DRAFT_INTERACTIONS,86,1.0,1.0,0.9883720930232558,confirmation
2025,TE,AGE_DRAFT_INTERACTIONS,57,1.0,1.0,0.9298245614035088,confirmation
2023,QB,SHORT_HISTORY_SCHEME,42,1.0,1.0,1.0,short_history_diagnostic
2023,RB,SHORT_HISTORY_SCHEME,59,0.9830508474576272,0.9830508474576272,0.9830508474576272,short_history_diagnostic
2023,WR,SHORT_HISTORY_SCHEME,77,0.974025974025974,0.974025974025974,0.974025974025974,short_history_diagnostic
2023,TE,SHORT_HISTORY_SCHEME,52,0.9615384615384616,0.9615384615384616,0.9615384615384616,short_history_diagnostic
2024,QB,SHORT_HISTORY_SCHEME,41,0.975609756097561,0.975609756097561,0.975609756097561,short_history_diagnostic
2024,RB,SHORT_HISTORY_SCHEME,59,0.9661016949152542,0.9661016949152542,0.9661016949152542,short_history_diagnostic
2024,WR,SHORT_HISTORY_SCHEME,85,0.9529411764705882,0.9529411764705882,0.9529411764705882,short_history_diagnostic
2024,TE,SHORT_HISTORY_SCHEME,50,1.0,1.0,1.0,short_history_diagnostic
2025,QB,SHORT_HISTORY_SCHEME,36,0.9722222222222222,0.9722222222222222,0.9722222222222222,short_history_diagnostic
2025,RB,SHORT_HISTORY_SCHEME,52,0.9038461538461539,0.9038461538461539,0.9038461538461539,short_history_diagnostic
2025,WR,SHORT_HISTORY_SCHEME,86,0.9883720930232558,0.9883720930232558,0.9883720930232558,short_history_diagnostic
2025,TE,SHORT_HISTORY_SCHEME,57,0.9298245614035088,0.9298245614035088,0.9298245614035088,short_history_diagnostic
