player_id,player_name,position,rookie,draft_pick,age_sep1,experience_years,baseline_ppr_pg,ridge_ppr_pg,boost_ppr_pg,baseline_games,ridge_games,boost_games
00-0033106,Jared Goff,QB,False,1.0,31.883,10,17.4741,16.2178,15.1283,17.0,10.082,7.989
00-0034855,Baker Mayfield,QB,False,1.0,31.385,8,15.9953,15.6798,13.9384,17.0,8.318,4.163
00-0036442,Joe Burrow,QB,False,1.0,29.725,6,16.8075,15.1527,16.7164,8.0,7.774,6.743
00-0039164,Anthony Richardson,QB,False,4.0,24.28,3,1.08,14.5766,12.6246,2.0,4.594,5.314
00-0040676,Cam Ward,QB,False,1.0,24.272,1,10.98,14.1744,11.127,17.0,8.139,6.691
00-0039910,Jayden Daniels,QB,False,2.0,25.703,2,16.3257,14.0772,12.514,7.0,6.638,4.912
00-0035228,Kyler Murray,QB,False,1.0,29.068,7,15.556,14.0557,16.033,5.0,5.648,6.051
00-0033873,Patrick Mahomes,QB,False,10.0,30.958,9,20.4057,14.0413,14.4868,14.0,8.136,3.091
00-0034796,Lamar Jackson,QB,False,32.0,29.649,8,16.5277,13.4276,12.5491,13.0,6.974,4.503
00-0036212,Tua Tagovailoa,QB,False,5.0,28.502,6,11.4786,13.2065,11.6123,14.0,7.163,6.482
00-0040691,Jaxson Dart,QB,False,25.0,23.305,1,17.2557,13.0012,12.7214,14.0,7.423,5.725
00-0032268,Marcus Mariota,QB,False,2.0,32.838,11,12.55,12.9665,12.4211,10.0,6.246,5.376
00-0035710,Daniel Jones,QB,False,6.0,29.265,7,17.4185,12.6605,11.9756,13.0,7.122,5.637
00-0033077,Dak Prescott,QB,False,135.0,33.093,10,18.4576,12.325,13.7348,17.0,6.396,8.988
00-0030565,Geno Smith,QB,False,39.0,35.894,13,11.5933,12.1291,12.308,15.0,5.464,6.452
00-0036945,Justin Fields,QB,False,11.0,27.494,5,15.8511,11.7819,13.0502,9.0,6.0,5.522
00-0040743,Tyler Shough,QB,False,40.0,26.927,1,14.36,11.6899,10.5711,11.0,6.855,8.996
00-0041562,Fernando Mendoza,QB,True,1.0,22.919,0,13.4419,11.2233,11.8981,9.053,6.024,9.45
00-0039917,Michael Penix Jr.,QB,False,8.0,26.317,2,13.3644,11.0027,12.049,9.0,5.964,5.641
00-0026158,Joe Flacco,QB,False,18.0,41.624,18,11.2815,10.6728,11.9096,13.0,5.644,4.323
00-0031503,Jameis Winston,QB,False,1.0,32.652,11,14.4267,10.5629,9.5588,3.0,1.451,4.488
00-0033869,Mitchell Trubisky,QB,False,2.0,32.034,9,7.78,10.5452,8.2429,4.0,6.151,4.442
00-0039923,J.J. McCarthy,QB,False,10.0,23.614,2,12.538,10.534,10.3461,10.0,6.43,5.687
00-0033119,Jacoby Brissett,QB,False,91.0,33.723,10,16.2457,10.2922,10.8148,14.0,4.931,6.569
00-0041568,Ty Simpson,QB,True,13.0,23.697,0,13.4419,10.0809,10.6637,9.053,5.5,5.586
00-0029604,Kirk Cousins,QB,False,102.0,38.035,14,10.354,9.2599,7.4994,10.0,4.325,3.438
00-0040704,Dillon Gabriel,QB,False,94.0,25.676,1,7.008,9.2216,6.8675,10.0,4.894,4.263
00-0032950,Carson Wentz,QB,False,2.0,33.671,10,14.068,9.0733,10.1938,5.0,4.693,5.336
00-0041561,Carson Beck,QB,True,65.0,24.784,0,6.3042,8.8398,7.2212,4.5,4.58,3.562
00-0041565,Drew Allar,QB,True,76.0,22.484,0,6.3042,8.8337,8.8898,4.5,4.579,4.606
00-0022942,Philip Rivers,QB,False,4.0,44.732,22,10.5533,8.7132,7.239,3.0,5.186,2.378
00-0037012,Trey Lance,QB,False,3.0,26.314,5,3.385,8.5241,7.7775,4.0,2.767,3.05
00-0041056,Cade Klubnik,QB,True,110.0,22.894,0,5.9468,8.424,7.0592,2.393,4.179,3.03
00-0029263,Russell Wilson,QB,False,75.0,37.756,14,8.3067,8.3609,5.9851,6.0,3.765,3.297
00-0040668,Shedeur Sanders,QB,False,144.0,24.565,1,10.6125,8.1653,8.8298,8.0,3.787,3.231
00-0037013,Zach Wilson,QB,False,2.0,27.081,5,0.345,8.0566,8.2286,4.0,4.442,4.414
00-0038128,Malik Willis,QB,False,86.0,27.272,4,12.795,8.0161,8.2221,4.0,3.603,3.782
00-0040891,Cole Payton,QB,True,178.0,23.85,0,7.3121,7.8361,6.1895,1.0,3.574,2.052
00-0041092,Taylen Green,QB,True,182.0,23.872,0,7.3121,7.7143,6.1895,1.0,3.406,2.052
00-0031345,Jimmy Garoppolo,QB,False,62.0,34.832,12,-0.3333,7.4978,7.8988,3.0,3.442,4.136
00-0041117,Athan Kaliakmanis,QB,True,223.0,23.034,0,7.3121,7.435,6.8465,1.0,3.056,2.295
00-0038102,Kenny Pickett,QB,False,20.0,28.239,4,1.2867,7.3737,7.2938,6.0,4.141,4.194
00-0035993,Tyler Huntley,QB,False,,28.576,6,8.028,7.3516,7.0187,5.0,2.153,1.757
00-0035704,Drew Lock,QB,False,42.0,29.808,7,0.0333,7.3269,8.0626,3.0,3.237,3.495
00-0041123,Behren Morton,QB,True,234.0,24.622,0,7.3121,7.3044,5.9768,1.0,2.935,2.052
00-0036898,Davis Mills,QB,False,67.0,27.864,5,11.4333,7.2611,5.446,6.0,3.589,2.668
00-0040906,Garrett Nussmeier,QB,True,249.0,24.567,0,7.3121,7.2328,5.9768,1.0,2.853,2.052
00-0027973,Andy Dalton,QB,False,35.0,38.843,15,2.38,7.0927,7.2486,4.0,3.465,2.349
00-0039398,Joe Milton III,QB,False,193.0,26.489,2,2.58,7.0498,7.1111,4.0,2.797,2.537
00-0033949,Joshua Dobbs,QB,False,135.0,31.598,9,0.525,6.7658,5.2145,4.0,2.921,3.05
00-0038579,Aidan O'Connell,QB,False,135.0,28.001,3,4.78,6.7185,5.4309,1.0,2.349,2.062
00-0040234,Quinn Ewers,QB,False,231.0,23.467,1,8.295,6.6565,7.7978,4.0,3.729,3.267
00-0038400,Tanner McKee,QB,False,188.0,26.347,3,3.44,6.6363,4.703,4.0,2.72,2.332
00-0028118,Tyrod Taylor,QB,False,180.0,37.079,15,9.91,6.2913,8.9313,6.0,1.552,3.01
00-0031237,Teddy Bridgewater,QB,False,32.0,33.808,12,0.96,6.1722,7.3773,3.0,3.226,3.939
00-0039376,Spencer Rattler,QB,False,150.0,25.925,2,11.0156,6.0492,8.333,9.0,4.01,3.552
00-0040673,Jalen Milroe,QB,False,92.0,23.718,1,-0.5333,5.755,6.2619,3.0,3.218,3.621
00-0035289,Gardner Minshew,QB,False,178.0,30.295,7,-0.08,5.6989,5.6736,4.0,1.484,2.284
00-0040206,Riley Leonard,QB,False,189.0,23.968,1,6.2,5.1419,5.5772,5.0,3.091,1.877
00-0040398,Brady Cook,QB,False,,24.888,1,5.692,4.6644,3.7928,5.0,2.52,0.726
00-0036679,Shane Buechele,QB,False,,28.647,5,3.92,4.1019,3.1314,1.0,2.436,1.801
00-0040494,Max Brosmer,QB,False,,25.43,1,0.6029,3.9759,4.2712,7.0,2.381,2.159
00-0033662,Cooper Rush,QB,False,,32.778,9,0.43,3.9574,4.1379,4.0,1.677,1.868
00-0037324,Chris Oladokun,QB,False,241.0,28.994,4,3.7333,3.9043,2.7976,3.0,0.598,1.116
00-0026300,Josh Johnson,QB,False,160.0,40.299,18,8.1267,3.7533,4.782,3.0,0.955,0.876
00-0038582,Clayton Tune,QB,False,139.0,27.445,3,0.99,3.6713,5.1551,2.0,0.0,1.278
00-0039577,Kedon Slovis,QB,False,,25.391,2,-0.04,3.2158,4.2579,2.0,2.178,1.616
00-0038658,Adrian Martinez,QB,False,,26.651,2,-0.1,3.1907,5.8161,1.0,2.28,1.685
00-0033319,Nick Mullens,QB,False,,31.45,9,-0.01,3.008,4.6548,4.0,1.008,2.127
00-0038416,Tyson Bagent,QB,False,,26.232,3,1.29,2.8996,4.7252,2.0,1.255,1.624
00-0034955,Brett Rypien,QB,False,,30.147,7,0.0,2.6915,4.4906,1.0,1.777,1.802
00-0034577,Kyle Allen,QB,False,,30.484,8,-0.15,2.1374,4.6331,2.0,0.858,1.871
00-0035100,Jake Browning,QB,False,,30.391,7,9.748,1.9744,2.8105,5.0,1.16,0.824
00-0032434,Brandon Allen,QB,False,201.0,33.988,10,0.88,1.5594,1.4996,1.0,0.0,0.849
00-0038542,Bijan Robinson,RB,False,8.0,24.586,3,21.8118,18.6858,18.8226,17.0,11.7,7.798
00-0039139,Jahmyr Gibbs,RB,False,12.0,24.452,3,21.5824,17.753,17.5963,17.0,10.006,8.323
00-0040122,Ashton Jeanty,RB,False,6.0,22.749,1,14.4176,17.4087,17.6648,17.0,8.871,6.531
00-0039040,De'Von Achane,RB,False,84.0,24.885,3,20.175,15.0785,14.4007,16.0,11.496,10.499
00-0036223,Jonathan Taylor,RB,False,41.0,27.617,6,21.3118,14.2605,14.0225,17.0,9.953,10.282
00-0038120,Breece Hall,RB,False,36.0,25.254,4,12.9787,13.2568,11.3066,16.0,9.075,8.877
00-0036997,Javonte Williams,RB,False,35.0,26.352,5,15.175,12.613,14.459,16.0,8.837,9.508
00-0038597,Chase Brown,RB,False,163.0,26.448,3,16.6235,11.6174,13.3306,17.0,9.679,11.732
00-0039361,Bucky Irving,RB,False,125.0,24.036,2,13.85,11.5934,12.7282,10.0,7.156,9.289
00-0040784,Quinshon Judkins,RB,False,36.0,22.842,1,12.1286,11.5067,11.432,14.0,8.59,8.419
00-0040715,Cam Skattebo,RB,False,105.0,24.57,1,15.9625,11.0609,11.8871,8.0,6.876,7.851
00-0032764,Derrick Henry,RB,False,45.0,32.658,10,16.4412,9.9596,11.9228,17.0,7.174,10.696
00-0039032,Tyjae Spears,RB,False,81.0,25.213,3,8.5923,9.5248,7.8613,13.0,7.501,5.101
00-0041027,Jeremiyah Love,RB,True,3.0,21.254,0,12.5685,9.3719,12.8427,6.5,6.109,6.446
00-0036158,J.K. Dobbins,RB,False,55.0,27.708,6,11.59,9.0581,8.0239,10.0,7.148,6.305
00-0037256,Rachaad White,RB,False,91.0,27.636,4,8.4118,8.967,8.3057,17.0,7.958,4.261
00-0039384,Tyrone Tracy Jr.,RB,False,166.0,26.774,2,10.72,8.639,7.3581,15.0,8.593,9.515
00-0040162,Dylan Sampson,RB,False,126.0,21.963,1,5.84,8.5786,8.1538,15.0,7.182,6.353
00-0035685,David Montgomery,RB,False,73.0,29.235,7,9.8188,8.4165,6.0391,17.0,6.87,6.888
00-0035261,Tony Pollard,RB,False,128.0,29.339,7,10.9294,7.8229,7.9331,17.0,7.918,7.97
00-0039921,Trey Benson,RB,False,66.0,24.11,2,8.85,7.4781,5.3172,4.0,7.319,4.584
00-0033906,Alvin Kamara,RB,False,67.0,31.105,9,9.1545,7.4297,6.5257,11.0,5.368,3.838
00-0041512,Jadarian Price,RB,True,32.0,22.897,0,12.5685,7.2168,9.9339,6.5,6.564,6.446
00-0033293,Aaron Jones,RB,False,182.0,31.749,9,9.8917,6.9432,5.7973,12.0,5.866,6.279
00-0033553,James Conner,RB,False,105.0,31.327,9,11.1,6.8918,6.2377,3.0,3.496,3.953
00-0039373,Audric Estimé,RB,False,147.0,22.987,2,9.62,6.8043,5.2497,5.0,6.81,3.787
00-0033923,Kareem Hunt,RB,False,86.0,31.073,9,8.5529,6.6022,6.0267,17.0,6.206,7.528
00-0036924,Michael Carter,RB,False,107.0,27.322,5,7.6154,6.5796,6.5007,13.0,5.666,4.898
00-0036893,Najee Harris,RB,False,24.0,28.482,5,3.8667,6.1459,7.0754,3.0,4.301,3.545
00-0036414,Cam Akers,RB,False,52.0,27.196,6,1.795,6.0635,4.7979,4.0,5.133,3.015
00-0035250,Devin Singletary,RB,False,74.0,28.994,7,6.4,6.0166,4.921,17.0,6.492,4.815
00-0034975,Justice Hill,RB,False,113.0,28.797,7,6.52,5.953,4.7174,10.0,4.856,4.897
00-0040202,Devin Neal,RB,False,184.0,23.056,1,6.6667,5.9061,5.8642,9.0,5.625,7.703
00-0039874,Jaylen Wright,RB,False,120.0,23.42,2,5.3556,5.8467,6.793,9.0,6.248,6.799
00-0038551,Kendre Miller,RB,False,71.0,24.225,3,4.7571,5.7224,5.6707,7.0,4.886,4.948
00-0040242,Jacory Croskey-Merritt,RB,False,245.0,25.389,1,8.2529,5.655,4.8886,17.0,6.801,6.323
00-0037525,Jordan Mason,RB,False,,27.275,4,8.0563,5.5915,6.2014,16.0,5.872,6.444
00-0035243,Miles Sanders,RB,False,53.0,29.337,7,6.675,5.5464,4.2465,4.0,4.26,2.787
00-0037263,Tyler Allgeier,RB,False,151.0,26.38,4,7.2353,5.5036,5.0009,17.0,6.913,4.469
00-0040078,Brashard Smith,RB,False,228.0,23.393,1,3.7235,5.4717,6.8164,17.0,6.482,6.991
00-0037157,Bam Knight,RB,False,,25.391,4,7.7417,5.4511,4.3441,12.0,4.643,5.725
00-0041052,Kaelon Black,RB,True,90.0,24.874,0,5.1905,5.4428,4.441,4.794,6.199,5.14
00-0041496,Jonah Coleman,RB,True,108.0,23.034,0,4.9482,5.3703,4.336,7.679,6.085,6.446
00-0035537,Ty Johnson,RB,False,186.0,28.956,7,5.9,5.2641,5.8033,17.0,5.491,5.998
00-0040878,Mike Washington Jr.,RB,True,122.0,23.165,0,4.9482,5.1853,4.336,7.679,6.053,6.446
00-0037197,Isiah Pacheco,RB,False,251.0,27.502,4,6.7154,5.0901,4.1756,13.0,5.575,4.642
00-0037267,Jerome Ford,RB,False,156.0,26.971,4,3.3538,5.0377,4.888,13.0,5.509,3.798
00-0039405,Jawhar Jordan,RB,False,205.0,27.04,2,7.425,4.9935,2.9093,4.0,4.752,3.077
00-0036360,Clyde Edwards-Helaire,RB,False,32.0,27.393,6,2.1,4.9321,6.7408,2.0,2.076,2.317
00-0039798,Isaiah Davis,RB,False,173.0,24.526,2,4.45,4.9204,5.2528,16.0,7.038,6.279
00-0040142,Kaleb Johnson,RB,False,83.0,23.05,1,0.88,4.7759,5.7598,10.0,5.429,6.032
00-0040198,Ollie Gordon II,RB,False,179.0,22.629,1,3.1824,4.7742,5.5767,17.0,6.213,6.201
00-0033526,Samaje Perine,RB,False,114.0,30.96,9,5.1933,4.7191,4.4672,15.0,5.324,5.186
00-0040586,Jaydon Blue,RB,False,149.0,22.648,1,4.08,4.6997,5.1343,5.0,4.388,5.77
00-0040888,Adam Randall,RB,True,174.0,22.133,0,4.9482,4.6775,4.1042,7.679,5.804,6.222
00-0040886,Nicholas Singleton,RB,True,165.0,22.653,0,4.9482,4.6698,4.0652,7.679,5.806,6.489
00-0041013,Emmett Johnson,RB,True,161.0,22.894,0,4.9482,4.6655,3.9521,7.679,5.807,6.489
00-0040021,Phil Mafah,RB,False,239.0,23.855,1,10.9,4.6364,5.7375,1.0,3.327,3.393
00-0038454,Keaton Mitchell,RB,False,,24.622,3,4.2615,4.6357,6.0492,13.0,5.34,6.203
00-0033955,Jeremy McNichols,RB,False,162.0,30.684,9,4.5438,4.5473,5.8846,16.0,5.359,4.81
00-0041081,Max Bredeson,RB,True,159.0,23.91,0,4.9482,4.5063,3.3309,7.679,5.768,5.612
00-0036328,Antonio Gibson,RB,False,66.0,28.192,6,4.64,4.4535,5.127,5.0,4.268,4.514
00-0039794,Braelon Allen,RB,False,134.0,22.615,2,3.825,4.3576,5.1669,4.0,4.423,7.08
00-0041104,Demond Claiborne,RB,True,198.0,22.897,0,3.0249,4.1639,3.1502,4.506,5.536,5.434
00-0041096,Kaytron Allen,RB,True,187.0,23.647,0,3.0249,4.1282,3.3408,4.506,5.536,5.18
00-0040179,DJ Giddens,RB,False,151.0,23.018,1,1.92,4.0868,5.1739,5.0,4.709,5.85
00-0038611,Chris Rodriguez Jr.,RB,False,193.0,26.933,3,7.6667,4.0664,4.1483,12.0,5.561,6.397
00-0038951,Sean Tucker,RB,False,,24.852,3,5.3765,4.0488,4.5898,17.0,5.899,5.666
00-0040466,Raheim Sanders,RB,False,,24.233,1,5.075,4.0449,3.4595,4.0,3.736,3.268
00-0032104,Ameer Abdullah,RB,False,54.0,33.219,11,2.9154,3.9919,4.0941,13.0,4.312,3.673
00-0036265,AJ Dillon,RB,False,62.0,28.335,6,1.5167,3.9087,4.3582,6.0,4.193,3.684
00-0038705,Emari Demercado,RB,False,,27.615,3,4.8583,3.8903,4.1277,12.0,5.27,5.814
00-0041490,Eli Heidenreich,RB,True,230.0,23.097,0,3.0249,3.6967,3.1502,4.506,5.262,4.616
00-0038440,Zavier Scott,RB,False,,27.127,3,3.5636,3.6474,2.8572,11.0,4.278,4.727
00-0039796,Rasheen Ali,RB,False,165.0,25.539,2,1.6133,3.3667,2.6144,15.0,5.252,5.619
00-0041125,Seth McGowan,RB,True,237.0,24.857,0,3.0249,3.3319,2.3557,4.506,5.164,3.31
00-0040547,Nate Carter,RB,False,,24.28,1,2.0,3.1567,3.6543,2.0,3.175,2.678
00-0037258,Dameon Pierce,RB,False,107.0,26.533,4,0.72,3.1475,4.379,5.0,3.59,3.212
00-0038040,Zamir White,RB,False,122.0,26.955,4,1.92,3.1373,3.4378,5.0,3.322,3.057
00-0037276,Ty Chandler,RB,False,169.0,28.307,4,2.9333,3.1202,3.7157,3.0,3.227,2.976
00-0033699,Austin Ekeler,RB,False,,31.294,9,6.55,3.1003,2.3918,2.0,2.358,1.739
00-0038738,Hunter Luepke,RB,False,,26.508,3,2.6429,3.0847,2.382,14.0,5.039,4.515
00-0040556,Corey Kiner,RB,False,,24.611,1,2.325,3.0114,3.5896,4.0,3.66,3.052
00-0039021,Roschon Johnson,RB,False,115.0,25.583,3,0.2833,2.9989,3.6004,6.0,3.831,3.673
00-0037563,Malik Davis,RB,False,,27.765,4,4.06,2.8867,4.0696,10.0,4.076,4.107
00-0039363,Isaac Guerendo,RB,False,129.0,26.177,2,0.0,2.7335,3.269,7.0,4.26,5.697
00-0040067,Jacardia Wright,RB,False,,25.931,1,2.0,2.6906,3.4859,1.0,2.889,2.637
00-0036984,Trey Sermon,RB,False,88.0,27.587,5,0.0,2.6739,4.3934,3.0,3.214,3.103
00-0039364,Sione Vaki,RB,False,132.0,25.09,2,0.05,2.62,3.1265,8.0,4.191,4.298
00-0038397,Evan Hull,RB,False,176.0,25.849,3,1.0667,2.6139,2.8131,6.0,3.586,3.293
00-0040208,Tahj Brooks,RB,False,193.0,24.304,1,0.5333,2.5764,2.4758,12.0,5.087,5.688
00-0040039,Amar Johnson,RB,False,,23.584,1,0.8,2.4255,3.1884,1.0,2.781,2.657
00-0036842,Kene Nwangwu,RB,False,119.0,28.559,5,1.09,2.4032,3.5148,10.0,3.292,4.63
00-0040205,Kalel Mullings,RB,False,188.0,23.91,1,0.175,2.3111,2.4384,4.0,3.491,4.141
00-0039757,Terrell Jennings,RB,False,,25.66,2,2.5333,2.2758,3.5806,6.0,2.605,3.18
00-0035291,Trayveon Williams,RB,False,182.0,28.871,7,2.85,2.0652,2.9048,6.0,3.07,3.484
00-0039266,Kendall Milton,RB,False,,24.556,2,0.2,2.006,2.493,1.0,2.356,2.583
00-0036425,DeeJay Dallas,RB,False,144.0,27.96,6,0.42,1.8855,3.4506,5.0,3.547,4.519
00-0040429,Josh Williams,RB,False,,26.229,1,0.55,1.8243,2.448,2.0,2.33,2.024
00-0037329,Brittain Brown,RB,False,250.0,28.893,4,4.85,1.8202,3.4355,2.0,2.517,3.438
00-0034367,Nyheim Hines,RB,False,104.0,29.802,8,-0.05,1.8066,3.4383,4.0,2.294,2.555
00-0037120,Tyler Goodson,RB,False,,25.808,4,0.52,1.7988,2.1475,10.0,3.488,3.697
00-0039407,Dylan Laube,RB,False,208.0,26.716,2,0.3353,1.7639,2.1903,17.0,5.099,4.853
00-0038896,Jacob Saylors,RB,False,,26.484,3,0.1,1.6548,1.6886,11.0,3.619,4.092
00-0040476,Ulysses Bentley IV,RB,False,,25.671,1,0.0,1.6209,2.4932,1.0,2.021,2.024
00-0038396,Eric Gray,RB,False,172.0,26.826,3,0.0,1.5295,2.5514,1.0,2.826,3.989
00-0036906,Khalil Herbert,RB,False,217.0,28.365,5,1.32,1.5221,2.432,5.0,3.027,2.374
00-0037594,Julius Chestnut,RB,False,,25.849,4,0.25,1.5116,2.2982,16.0,4.482,4.146
00-0034681,Chase Edmonds,RB,False,134.0,30.385,8,0.0,1.3557,2.816,3.0,2.134,3.221
00-0038458,Owen Wright,RB,False,,27.508,3,0.3,1.3459,2.3893,2.0,1.907,2.024
00-0038409,Lew Nichols III,RB,False,235.0,25.044,3,0.0,1.21,2.2991,1.0,2.173,2.576
00-0031687,Raheem Mostert,RB,False,,34.396,11,2.45,1.0886,2.2094,12.0,2.414,3.438
00-0038678,Jordan Mims,RB,False,,27.212,3,0.0,1.0055,2.3081,1.0,1.264,2.6
00-0036950,Avery Williams,RB,False,183.0,28.132,5,0.0,1.0037,2.6266,1.0,2.739,4.804
00-0036187,Reggie Gilliam,RB,False,,29.033,6,0.4364,0.9889,1.018,11.0,3.037,3.793
00-0033854,Dare Ogunbowale,RB,False,,32.329,9,1.7214,0.9404,1.4748,14.0,3.141,3.458
00-0035594,Travis Homer,RB,False,204.0,28.069,7,-0.025,0.6577,2.0309,8.0,2.447,3.16
00-0036569,Gary Brightwell,RB,False,196.0,28.507,5,0.0,0.5474,2.3893,2.0,1.196,2.794
00-0035567,Craig Reynolds,RB,False,,30.213,7,0.08,0.511,1.353,5.0,1.505,1.495
00-0036567,Elijah Mitchell,RB,False,194.0,28.335,5,0.0,0.4077,2.3328,1.0,2.558,2.885
00-0035311,Myles Gaskin,RB,False,234.0,29.542,7,0.6,0.0247,1.6837,1.0,0.427,1.178
00-0033376,Patrick Ricard,RB,False,,32.266,9,0.42,0.0,2.1227,5.0,1.177,1.991
00-0035726,Jakob Johnson,RB,False,,31.713,7,0.0,0.0,1.6302,2.0,0.066,1.729
00-0037744,Trey McBride,TE,False,55.0,26.777,4,18.5824,13.4617,12.1382,17.0,10.41,1.291
00-0039338,Brock Bowers,TE,False,13.0,23.718,2,14.6833,11.9317,11.4392,12.0,9.451,8.959
00-0036970,Kyle Pitts,TE,False,4.0,25.903,5,12.4,11.7702,11.5691,17.0,11.77,12.294
00-0040128,Tyler Warren,TE,False,14.0,24.274,1,11.0882,10.8606,11.5671,17.0,10.814,12.977
00-0040663,Harold Fannin Jr.,TE,False,67.0,22.117,1,11.65,10.3532,10.6306,16.0,10.065,11.127
00-0039065,Sam LaPorta,TE,False,34.0,25.635,3,11.8778,8.7148,8.1756,9.0,6.558,2.673
00-0038996,Tucker Kraft,TE,False,78.0,25.827,3,14.65,8.7124,7.3051,8.0,5.804,1.506
00-0030506,Travis Kelce,TE,False,63.0,36.907,13,11.3647,8.5492,8.8387,17.0,5.819,5.871
00-0035229,T.J. Hockenson,TE,False,8.0,29.164,7,7.52,7.9439,7.3209,15.0,8.469,7.436
00-0036040,Juwan Johnson,TE,False,,29.966,6,10.5824,7.9437,10.7024,17.0,7.616,9.043
00-0030061,Zach Ertz,TE,False,35.0,35.809,13,9.7231,7.8521,6.8778,13.0,5.077,4.804
00-0040736,Mason Taylor,TE,False,42.0,22.317,1,6.8385,7.8236,6.8425,13.0,8.746,9.523
00-0038041,Jake Ferguson,TE,False,129.0,27.62,4,11.0647,7.7481,9.6801,17.0,9.489,11.149
00-0038129,Cade Otton,TE,False,106.0,27.382,4,8.1467,7.4019,7.6363,15.0,7.493,7.514
00-0039847,Theo Johnson,TE,False,107.0,25.512,2,8.52,7.2827,7.6166,15.0,9.025,8.34
00-0034753,Mark Andrews,TE,False,86.0,30.988,8,7.7059,7.0936,9.6995,17.0,8.193,14.858
00-0033885,David Njoku,TE,False,29.0,30.144,9,7.8455,6.8214,5.0686,11.0,5.409,3.967
00-0037809,Chig Okonkwo,TE,False,143.0,26.982,4,7.2941,6.6546,7.2211,17.0,8.643,9.645
00-0039066,Michael Mayer,TE,False,35.0,25.156,3,5.6769,6.2409,5.6166,13.0,8.84,7.745
00-0040584,Gunnar Helm,TE,False,120.0,23.987,1,5.7313,5.8956,5.1265,16.0,8.756,8.397
00-0035644,Noah Fant,TE,False,20.0,28.781,7,5.7538,5.746,5.5598,13.0,7.489,6.814
00-0033357,Taysom Hill,TE,False,,36.025,9,3.2138,5.7381,3.2359,13.0,3.075,6.064
00-0034829,Mike Gesicki,TE,False,42.0,30.914,8,5.8917,5.6425,6.0311,12.0,5.951,6.07
00-0038558,Darnell Washington,TE,False,93.0,25.041,3,5.6462,5.6247,4.6853,13.0,7.289,7.913
00-0036423,Albert Okwuegbunam,TE,False,118.0,28.354,6,8.6,5.4663,6.7237,1.0,1.902,2.965
00-0041032,Kenyon Sadiq,TE,True,16.0,21.495,0,7.8567,5.4465,9.8921,7.84,5.986,8.833
00-0037252,Greg Dulcich,TE,False,80.0,26.434,4,6.9778,5.3767,5.0163,9.0,6.521,7.767
00-0037838,Isaiah Likely,TE,False,139.0,26.372,4,5.1417,5.1873,5.3995,12.0,6.328,7.499
00-0031610,Darren Waller,TE,False,204.0,33.966,11,9.8556,5.0768,7.6838,9.0,2.998,2.088
00-0039356,Ja'Tavion Sanders,TE,False,101.0,23.434,2,4.5,4.8559,3.4646,12.0,7.781,8.382
00-0041483,Eli Stowers,TE,True,54.0,23.382,0,3.6489,4.6301,3.6513,3.889,5.001,4.194
00-0040739,Elijah Arroyo,TE,False,50.0,23.409,1,2.8385,4.6061,3.9466,13.0,8.332,8.196
00-0041510,Max Klare,TE,True,61.0,23.152,0,3.6489,4.5804,3.6513,3.889,4.957,4.194
00-0041472,Marlin Klein,TE,True,59.0,23.957,0,3.6489,4.5366,3.6697,3.889,4.876,4.194
00-0041503,Nate Boerkircher,TE,True,56.0,24.992,0,3.6489,4.4855,3.3712,3.889,4.777,3.979
00-0041558,Sam Roush,TE,True,69.0,22.987,0,3.6489,4.4855,3.5736,3.889,4.834,4.497
00-0041041,Oscar Delp,TE,True,73.0,23.078,0,3.6489,4.4464,3.4547,3.889,4.788,4.194
00-0041395,Eli Raridon,TE,True,95.0,22.552,0,3.6489,4.3339,3.3337,3.889,4.691,4.497
00-0041524,Will Kacmarek,TE,True,87.0,23.551,0,3.6489,4.3084,3.033,3.889,4.621,4.194
00-0039912,Ben Sinnott,TE,False,53.0,24.217,2,3.1556,4.1228,3.68,9.0,6.639,6.083
00-0038115,Daniel Bellinger,TE,False,112.0,25.942,4,4.5846,4.0497,3.812,13.0,7.621,7.781
00-0041077,Justin Joly,TE,True,152.0,22.147,0,4.142,3.9973,5.1152,5.089,4.293,3.691
00-0040879,Matthew Hibner,TE,True,133.0,24.482,0,4.142,3.9405,3.0513,5.089,4.16,3.979
00-0041084,Tanner Koziol,TE,True,164.0,22.593,0,4.142,3.9129,3.0693,5.089,4.184,3.638
00-0037805,Jeremy Ruckert,TE,False,101.0,26.057,4,3.35,3.8114,3.5148,14.0,8.044,7.533
00-0040887,Josh Cuevas,TE,True,173.0,23.935,0,4.142,3.7735,2.787,5.089,3.978,3.639
00-0041087,Joe Royer,TE,True,170.0,24.515,0,4.142,3.7403,2.787,5.089,3.918,3.423
00-0041579,Seydou Traore,TE,True,180.0,24.055,0,2.6281,3.7375,2.7458,1.861,3.935,3.639
00-0041094,Bauer Sharp,TE,True,185.0,23.332,0,2.6281,3.7364,2.7274,1.861,3.936,3.639
00-0037004,Hunter Long,TE,False,81.0,28.036,5,4.6429,3.7121,3.0784,7.0,4.732,4.031
00-0038547,Luke Schoonmaker,TE,False,58.0,27.927,3,1.9429,3.6938,3.1385,14.0,7.542,6.519
00-0039041,Elijah Higgins,TE,False,197.0,25.846,3,3.4176,3.6441,3.3635,17.0,8.351,10.465
00-0041116,Jack Endries,TE,True,221.0,22.434,0,2.6281,3.6432,3.1964,1.861,3.847,2.815
00-0039074,Davis Allen,TE,False,175.0,25.575,3,4.1867,3.6429,3.4271,15.0,7.439,7.933
00-0035249,Josh Oliver,TE,False,69.0,29.449,7,4.5833,3.6392,3.2058,12.0,5.993,6.407
00-0040901,Jaren Kanak,TE,True,225.0,22.558,0,2.6281,3.6207,2.733,1.861,3.818,2.815
00-0036637,Noah Gray,TE,False,162.0,27.341,5,2.7714,3.5801,2.819,14.0,6.494,7.386
00-0041131,Carsen Ryan,TE,True,248.0,23.031,0,2.6281,3.5128,2.4322,1.861,3.684,2.815
00-0041133,Dallen Bentley,TE,True,256.0,25.668,0,2.6281,3.2851,2.1204,1.861,3.329,2.054
00-0035631,Drew Sample,TE,False,52.0,30.377,7,2.6583,3.1652,2.5002,12.0,6.287,7.26
00-0038046,Charlie Kolar,TE,False,128.0,27.557,4,2.7846,3.0495,2.5724,13.0,6.543,6.433
00-0036754,Brock Wright,TE,False,,27.762,5,4.6,2.9426,2.4343,8.0,4.682,3.733
00-0036534,Shane Zylstra,TE,False,,29.791,5,5.0,2.9231,2.1071,1.0,1.915,1.774
00-0034270,Tyler Conklin,TE,False,157.0,31.092,8,2.8833,2.8771,4.0275,6.0,2.44,3.164
00-0036628,John Bates,TE,False,124.0,28.819,5,2.73,2.8694,2.6814,10.0,5.189,4.833
00-0038720,Julian Hill,TE,False,,26.147,3,2.8182,2.8358,2.2396,11.0,6.162,5.214
00-0034613,Tanner Hudson,TE,False,,31.804,8,4.78,2.8064,2.4672,10.0,4.03,4.741
00-0039737,Tip Reiman,TE,False,82.0,24.956,2,1.6,2.7632,2.9185,3.0,4.489,4.383
00-0040244,Moliki Matavao,TE,False,248.0,23.461,1,3.0,2.734,2.3619,1.0,2.788,2.816
00-0034159,Will Dissly,TE,False,120.0,30.15,8,2.5875,2.6783,2.5055,8.0,3.728,3.915
00-0040363,Keleki Latu,TE,False,,24.053,1,2.5,2.6158,2.3766,3.0,3.311,3.055
00-0034981,Foster Moreau,TE,False,137.0,29.323,7,1.8429,2.5633,3.0818,7.0,3.362,2.872
00-0034365,Ian Thomas,TE,False,101.0,30.237,8,2.7111,2.4998,2.3542,9.0,4.58,4.397
00-0037086,Grant Calcaterra,TE,False,198.0,27.743,4,2.5111,2.4247,2.3759,9.0,4.711,4.641
00-0037306,John FitzPatrick,TE,False,213.0,26.481,4,2.2909,2.3659,2.0464,11.0,5.509,4.399
00-0037348,Tanner Conner,TE,False,,28.452,4,2.2625,2.3492,1.8447,8.0,4.342,4.337
00-0037475,Stone Smartt,TE,False,,27.91,4,2.0333,2.2614,1.9915,6.0,3.373,2.846
00-0038394,Will Mallory,TE,False,162.0,27.196,3,2.6,2.2457,1.7447,1.0,2.819,2.417
00-0037755,Jelani Woods,TE,False,73.0,27.897,4,0.7,2.2385,2.5888,2.0,3.116,2.752
00-0038809,Ben Sims,TE,False,,26.295,3,2.0,2.2237,2.4083,3.0,2.858,2.284
00-0040628,Drake Dabney,TE,False,,24.302,1,1.3,2.105,2.3121,1.0,2.675,2.669
00-0036876,Kylen Granson,TE,False,127.0,28.433,5,0.9167,2.0812,2.416,12.0,6.206,5.398
00-0039530,Brevyn Spann-Ford,TE,False,,26.681,2,1.5,2.0684,2.3399,16.0,7.67,5.591
00-0037015,Sal Cannella,TE,False,,29.747,1,1.55,2.0512,2.3121,2.0,2.348,1.542
00-0033217,Mo Alie-Cox,TE,False,,32.951,9,2.7909,1.9602,1.8986,11.0,3.995,3.317
00-0037539,Lucas Krull,TE,False,,28.143,4,1.75,1.9228,1.9319,2.0,1.936,1.718
00-0039824,Jared Wiley,TE,False,131.0,25.829,2,0.7,1.8719,2.3096,2.0,3.22,4.974
00-0039050,Payne Durham,TE,False,171.0,26.213,3,0.2625,1.8677,1.9561,8.0,4.458,3.562
00-0039754,Devin Culp,TE,False,246.0,26.58,2,1.9,1.8259,2.3208,4.0,2.654,2.773
00-0036332,Josiah Deguara,TE,False,94.0,29.545,6,1.5857,1.8161,1.6825,7.0,4.592,3.683
00-0036429,Charlie Woerner,TE,False,190.0,28.877,6,1.8286,1.7841,2.0825,7.0,4.063,3.683
00-0039458,Brenden Bates,TE,False,,26.878,2,1.76,1.7709,1.4742,5.0,3.847,3.424
00-0038564,Cameron Latu,TE,False,101.0,26.519,3,0.0,1.7512,2.3096,10.0,5.949,4.519
00-0040509,Ben Yurosek,TE,False,,24.46,1,0.5667,1.7388,2.0391,6.0,4.316,4.23
00-0039631,Cam Grandy,TE,False,,26.785,2,1.35,1.7245,1.7833,2.0,2.607,3.614
00-0033246,Johnny Mundt,TE,False,,31.773,9,1.675,1.7198,2.2272,12.0,3.948,4.521
00-0037340,Zaire Mitchell-Paden,TE,False,,27.034,4,1.2333,1.7099,1.4358,3.0,2.407,2.26
00-0036590,Quintin Morris,TE,False,,27.612,5,1.5909,1.6715,1.2946,11.0,5.327,4.159
00-0037292,Andrew Ogletree,TE,False,192.0,28.096,4,1.1545,1.6263,1.7535,11.0,5.601,4.484
00-0036741,Jack Stoll,TE,False,,28.592,5,1.8444,1.5958,1.4083,9.0,4.598,4.012
00-0038710,Blake Whiteheart,TE,False,,26.445,3,0.2667,1.5727,1.4254,9.0,4.651,3.673
00-0040488,Carter Runyon,TE,False,,25.109,1,0.4333,1.5432,1.7405,3.0,3.228,4.338
00-0033455,Anthony Firkser,TE,False,,31.532,9,2.66,1.5416,1.731,5.0,2.177,2.691
00-0039648,David Martin-Robinson,TE,False,,26.684,2,1.1818,1.5351,1.6094,11.0,5.936,4.305
00-0039686,Colson Yankoff,TE,False,,26.503,2,0.38,1.4659,1.7089,10.0,5.222,4.305
00-0040225,Thomas Fidone II,TE,False,219.0,23.948,1,0.0,1.3558,2.0391,1.0,2.792,2.816
00-0040058,Nick Kallerup,TE,False,,25.432,1,0.0,1.3477,1.7089,4.0,3.512,3.588
00-0037277,Teagan Quitoriano,TE,False,170.0,26.465,4,0.0,1.2725,2.0452,2.0,2.581,2.231
00-0038590,Justin Shorter,TE,False,150.0,26.374,3,0.0,1.2632,2.3096,3.0,3.308,2.703
00-0039489,Hayden Rucci,TE,False,,25.594,2,0.0,1.2318,1.7089,1.0,2.29,2.054
00-0038498,E.J. Jenkins,TE,False,,27.828,3,0.0,1.2249,1.4833,1.0,1.31,1.404
00-0038456,Travis Vokolek,TE,False,,28.244,3,0.0,0.9787,1.4833,1.0,1.772,1.724
00-0036825,Feleipe Franks,TE,False,,28.693,5,0.04,0.9136,2.0293,10.0,4.794,4.067
00-0038735,Princeton Fant,TE,False,,27.478,3,0.0,0.8877,1.4833,1.0,1.973,1.724
00-0038643,Brayden Willis,TE,False,247.0,26.807,3,0.0,0.8738,1.7089,6.0,3.885,3.314
00-0037031,Nikola Kalinic,TE,False,,29.61,4,0.0,0.8287,1.4803,2.0,1.752,1.7
00-0034073,Ross Dwelley,TE,False,,31.598,8,0.675,0.7915,1.4317,4.0,1.71,2.996
00-0035956,Giovanni Ricci,TE,False,,29.876,6,0.0,0.7713,1.3315,2.0,1.349,1.553
00-0037311,Ko Kieft,TE,False,218.0,28.614,4,0.0,0.7579,1.4833,2.0,2.225,1.7
00-0033757,Robert Tonyan,TE,False,,32.34,9,0.55,0.6581,1.4803,2.0,0.513,1.652
00-0033439,Pharaoh Brown,TE,False,,32.329,9,0.42,0.6035,1.3643,5.0,1.759,2.879
00-0031484,Chris Manhertz,TE,False,,34.394,11,0.425,0.389,1.3643,4.0,0.663,1.861
00-0024243,Marcedes Lewis,TE,False,28.0,42.287,20,0.0,0.3628,1.7394,1.0,0.0,1.629
00-0036900,Ja'Marr Chase,WR,False,5.0,26.503,5,19.6,17.7378,16.2476,16.0,10.223,5.918
00-0037238,Drake London,WR,False,8.0,25.107,4,16.825,14.8426,15.5379,12.0,9.047,8.791
00-0037239,Chris Olave,WR,False,11.0,26.18,4,16.75,14.3351,13.4128,16.0,10.744,9.548
00-0036963,Amon-Ra St. Brown,WR,False,112.0,26.856,5,19.0588,14.3333,14.9149,17.0,9.662,7.349
00-0037247,George Pickens,WR,False,52.0,25.495,4,17.1706,14.2205,14.7349,17.0,10.453,8.545
00-0036358,CeeDee Lamb,WR,False,17.0,27.401,6,15.4538,13.3942,13.9323,13.0,8.527,5.639
00-0039064,Zay Flowers,WR,False,22.0,25.972,3,14.3118,13.3061,12.4533,17.0,10.549,10.631
00-0039337,Malik Nabers,WR,False,6.0,23.097,2,14.275,12.7945,14.9531,4.0,6.13,6.445
00-0037240,Jameson Williams,WR,False,12.0,25.435,4,12.9353,12.7692,13.101,17.0,9.949,10.915
00-0036613,Jaylen Waddle,WR,False,6.0,27.768,5,12.1325,12.5132,11.3771,16.0,9.573,10.331
00-0039849,Marvin Harrison Jr.,WR,False,4.0,24.058,2,10.65,12.1351,10.1102,12.0,8.525,8.55
00-0038117,Wan'Dale Robinson,WR,False,43.0,25.654,4,13.6188,12.0745,12.0658,16.0,9.547,9.86
00-0040129,Emeka Egbuka,WR,False,19.0,23.883,1,11.5118,12.0347,11.3522,17.0,10.537,10.015
00-0036410,Tee Higgins,WR,False,33.0,27.62,6,14.1067,11.9216,13.2155,15.0,7.627,4.839
00-0036322,Justin Jefferson,WR,False,22.0,27.212,6,11.8529,11.8581,9.6778,17.0,9.392,8.761
00-0037740,Garrett Wilson,WR,False,10.0,26.111,4,14.2143,11.763,11.055,7.0,6.31,7.19
00-0039067,Rashee Rice,WR,False,55.0,26.361,3,18.7625,11.5471,13.7411,8.0,5.934,6.295
00-0037664,Alec Pierce,WR,False,53.0,26.333,4,12.22,10.8608,11.076,15.0,9.327,8.884
00-0038994,Jordan Addison,WR,False,23.0,24.595,3,9.65,10.2969,10.6052,14.0,8.83,8.167
00-0036252,Michael Pittman,WR,False,34.0,28.907,6,11.9059,10.2191,9.0481,17.0,8.305,8.023
00-0038559,Michael Wilson,WR,False,94.0,26.522,3,12.9765,10.0525,9.6717,17.0,9.566,10.172
00-0036407,Jerry Jeudy,WR,False,15.0,27.357,6,7.1,9.8774,7.0179,17.0,7.626,6.419
00-0031408,Mike Evans,WR,False,7.0,33.03,12,10.6,9.3305,8.5315,8.0,4.396,5.13
00-0035719,Deebo Samuel Sr.,WR,False,36.0,30.629,7,11.7625,9.1445,8.9826,16.0,7.27,7.074
00-0039894,Xavier Worthy,WR,False,28.0,23.349,2,7.85,9.1374,9.7165,14.0,9.128,8.673
00-0039868,Troy Franklin,WR,False,102.0,23.568,2,10.4176,8.9436,9.5632,17.0,8.818,8.989
00-0035659,Terry McLaurin,WR,False,76.0,30.963,7,11.42,8.8897,8.4889,10.0,6.057,6.455
00-0038997,Josh Downs,WR,False,79.0,25.055,3,8.65,8.7173,8.6714,16.0,7.699,9.47
00-0038563,Tre Tucker,WR,False,100.0,25.484,3,9.5118,8.5595,8.2473,17.0,9.106,9.628
00-0035662,Marquise Brown,WR,False,25.0,29.244,7,8.6062,8.5273,7.5245,16.0,7.379,6.659
00-0033040,Tyreek Hill,WR,False,165.0,32.504,10,13.375,8.0925,7.7874,4.0,3.507,3.773
00-0033921,Chris Godwin Jr.,WR,False,84.0,30.511,9,9.2222,7.9789,8.0559,9.0,3.553,5.554
00-0041438,Carnell Tate,WR,True,4.0,21.616,0,9.5219,7.7576,9.1503,8.881,7.381,9.093
00-0040170,Elic Ayomanor,WR,False,136.0,23.248,1,7.2812,7.4575,6.5294,16.0,8.327,7.526
00-0034837,Calvin Ridley,WR,False,26.0,31.699,8,6.7571,7.4075,8.4645,7.0,4.48,3.792
00-0041029,Jordyn Tyson,WR,True,8.0,22.054,0,9.5219,7.209,8.8338,8.881,7.347,9.093
00-0039890,Adonai Mitchell,WR,False,52.0,23.899,2,5.4938,6.9496,7.3282,16.0,8.65,7.244
00-0039855,Jalen McMillan,WR,False,92.0,24.734,2,7.475,6.7015,5.4434,4.0,5.289,4.399
00-0040705,Chimere Dike,WR,False,103.0,24.715,1,7.5353,6.6908,5.4895,17.0,8.042,7.851
00-0038104,Tyquan Thornton,WR,False,50.0,26.068,4,6.7333,6.617,7.2922,12.0,7.029,7.308
00-0040867,Makai Lemon,WR,True,20.0,22.248,0,9.5219,6.4804,8.8338,8.881,7.326,6.709
00-0041547,KC Concepcion,WR,True,24.0,21.936,0,9.5219,6.3863,8.8338,8.881,7.361,9.093
00-0036550,Rashod Bateman,WR,False,27.0,26.758,5,4.2615,6.1943,5.3456,13.0,6.501,6.878
00-0037614,John Metchie III,WR,False,44.0,26.122,4,5.5308,6.0855,6.2,13.0,6.495,7.201
00-0041511,Omar Cooper Jr.,WR,True,30.0,22.716,0,9.5219,6.0756,7.668,8.881,7.244,6.4
00-0036309,Darnell Mooney,WR,False,173.0,28.841,6,5.4867,6.0554,5.1866,15.0,5.683,4.924
00-0038979,Cedric Tillman,WR,False,74.0,26.369,3,5.0,6.0253,5.15,12.0,5.814,6.321
00-0040669,Isaac TeSlaa,WR,False,70.0,24.529,1,5.4214,5.9446,4.1118,14.0,6.989,5.821
00-0040648,Tory Horton,WR,False,166.0,23.757,1,8.1375,5.8611,5.0982,8.0,4.885,5.383
00-0041037,Denzel Boston,WR,True,39.0,22.738,0,9.5219,5.7691,6.389,8.881,7.042,6.283
00-0041035,De'Zhaun Stribling,WR,True,33.0,23.705,0,9.5219,5.7487,7.131,8.881,6.932,6.283
00-0040311,Theo Wease Jr.,WR,False,,25.186,1,8.6333,5.7321,5.7323,3.0,3.798,3.65
00-0035535,Darius Slayton,WR,False,171.0,29.635,7,7.0571,5.6859,4.8582,14.0,5.725,5.096
00-0041489,Germie Bernard,WR,True,47.0,22.749,0,9.5219,5.6087,6.389,8.881,7.015,6.283
00-0036415,Van Jefferson,WR,False,57.0,30.101,6,5.0,5.6019,4.5327,14.0,6.293,4.97
00-0038393,Dontayvion Wicks,WR,False,159.0,25.211,3,5.8308,5.5178,4.9251,13.0,6.147,6.258
00-0036988,Josh Palmer,WR,False,77.0,26.944,5,4.3583,5.4443,5.1836,12.0,5.665,6.144
00-0032385,Sterling Shepard,WR,False,40.0,33.556,10,6.3077,5.3011,5.4945,13.0,4.702,3.921
00-0041040,Antonio Williams,WR,True,71.0,22.133,0,4.9589,5.2631,4.9958,7.364,6.834,6.223
00-0039355,Luke McCaffrey,WR,False,100.0,25.416,2,5.7,5.1989,4.3319,9.0,5.281,4.958
00-0037742,Treylon Burks,WR,False,18.0,26.443,4,3.625,5.1955,5.0275,8.0,4.939,3.872
00-0040870,Ja'Kobi Lane,WR,True,80.0,22.073,0,4.9589,5.1644,4.7369,7.364,6.807,6.062
00-0040729,Jack Bech,WR,False,58.0,23.705,1,3.0286,5.1583,5.0002,14.0,7.256,7.418
00-0037666,Jalen Tolbert,WR,False,88.0,27.51,4,3.8583,5.1183,4.099,12.0,5.356,5.575
00-0041044,Zachariah Branch,WR,True,79.0,22.426,0,4.9589,5.1175,4.2303,7.364,6.764,6.223
00-0041048,Ted Hurst III,WR,True,84.0,22.166,0,4.9589,5.104,4.7369,7.364,6.778,6.062
00-0041042,Malachi Fields,WR,True,74.0,23.018,0,4.9589,5.0793,4.5057,7.364,6.706,5.914
00-0038619,Andrei Iosivas,WR,False,206.0,26.881,3,5.9933,5.0789,5.3227,15.0,6.124,6.5
00-0041523,Caleb Douglas,WR,True,75.0,22.979,0,4.9589,5.0735,4.5057,7.364,6.707,5.914
00-0041047,Chris Brazzell II,WR,True,83.0,22.859,0,4.9589,5.0005,4.4347,7.364,6.69,5.752
00-0041525,Chris Bell,WR,True,94.0,22.235,0,4.9589,4.9876,4.3566,7.364,6.728,6.062
00-0041051,Zavion Thomas,WR,True,89.0,22.547,0,4.9589,4.9873,4.0612,7.364,6.707,5.752
00-0039424,Devaughn Vele,WR,False,235.0,28.721,2,7.3667,4.9758,4.0227,9.0,4.424,5.055
00-0037291,Jalen Nailor,WR,False,191.0,27.502,4,5.9235,4.9521,5.3117,17.0,6.508,7.425
00-0040782,Isaiah Bond,WR,False,,22.465,1,3.6467,4.9455,5.1578,15.0,7.42,6.425
00-0039739,Roman Wilson,WR,False,84.0,25.202,2,4.2889,4.9306,3.51,9.0,5.454,4.958
00-0039410,Ryan Flournoy,WR,False,216.0,26.848,2,7.6,4.9256,5.3947,15.0,6.59,7.026
00-0040237,Tez Johnson,WR,False,235.0,24.291,1,6.16,4.9007,5.1564,15.0,6.209,6.34
00-0030564,DeAndre Hopkins,WR,False,27.0,34.238,13,3.9412,4.8395,6.22,17.0,5.185,4.928
00-0036626,Dyami Brown,WR,False,82.0,26.834,5,4.5182,4.6922,3.8555,11.0,5.646,5.802
00-0033857,JuJu Smith-Schuster,WR,False,62.0,29.775,9,4.3235,4.6579,4.0221,17.0,5.884,5.254
00-0041550,Brenen Thompson,WR,True,105.0,23.105,0,3.503,4.6536,3.6737,6.855,6.393,5.752
00-0039880,Malik Washington,WR,False,184.0,25.865,2,6.8647,4.6344,3.8718,17.0,7.1,5.148
00-0040876,Elijah Sarratt,WR,True,115.0,23.264,0,3.503,4.5391,3.4857,6.855,6.329,5.752
00-0036849,Tutu Atwell,WR,False,57.0,26.903,5,3.9,4.5239,4.5086,8.0,4.615,4.656
00-0039792,Devontez Walker,WR,False,113.0,25.202,2,4.7,4.464,2.6409,8.0,4.659,4.179
00-0033891,Zay Jones,WR,False,37.0,31.426,9,5.05,4.4548,5.5352,6.0,3.268,3.035
00-0041070,Reggie Virgil,WR,True,143.0,22.3,0,3.503,4.3958,3.7717,6.855,6.16,5.734
00-0037231,Kevin Austin Jr.,WR,False,,26.424,4,6.6,4.3276,4.0633,5.0,3.637,3.933
00-0041443,Skyler Bell,WR,True,125.0,24.159,0,3.503,4.3087,2.3,6.855,6.167,4.405
00-0041397,Kaden Wetjen,WR,True,121.0,24.482,0,3.503,4.2875,2.329,6.855,6.141,4.22
00-0040164,Jaylin Lane,WR,False,128.0,24.337,1,3.4133,4.2796,3.6757,15.0,6.863,6.14
00-0041067,Bryce Lance,WR,True,136.0,24.033,0,3.503,4.2449,1.9664,6.855,6.135,4.405
00-0041446,Kendrick Law,WR,True,168.0,22.218,0,3.503,4.241,3.7717,6.855,6.058,5.734
00-0041069,Colbie Young,WR,True,140.0,24.107,0,3.503,4.2032,2.3,6.855,6.107,4.354
00-0032211,Tyler Lockett,WR,False,69.0,33.925,11,3.9471,4.196,3.1436,17.0,4.742,3.149
00-0040277,Jahdae Walker,WR,False,,24.159,1,4.45,4.1862,2.7633,6.0,4.209,3.212
00-0040522,Xavier Restrepo,WR,False,,24.389,1,3.55,4.0854,3.1931,2.0,3.809,2.837
00-0041529,Kevin Coleman Jr.,WR,True,177.0,22.977,0,2.5356,4.0595,3.2816,3.745,5.917,5.425
00-0040581,Dont'e Thornton Jr.,WR,False,108.0,23.754,1,2.1364,4.0318,4.0608,11.0,6.093,6.236
00-0040890,Cyrus Allen,WR,True,176.0,23.554,0,2.5356,3.9701,3.2816,3.745,5.845,5.425
00-0041099,Barion Brown,WR,True,190.0,22.722,0,2.5356,3.9396,3.4763,3.745,5.718,4.873
00-0037801,KaVontae Turpin,WR,False,,30.081,4,5.6333,3.8921,3.9188,15.0,6.219,4.936
00-0038891,Shedrick Jackson,WR,False,,26.867,3,5.3,3.8826,2.9518,3.0,3.02,3.37
00-0041100,Josh Cameron,WR,True,191.0,23.458,0,2.5356,3.812,3.2816,3.745,5.616,4.873
00-0041467,Lewis Bond,WR,True,204.0,23.261,0,2.5356,3.7712,3.2816,3.745,5.582,4.873
00-0040895,Emmanuel Henderson Jr.,WR,True,199.0,23.45,0,2.5356,3.7678,3.2816,3.745,5.581,4.873
00-0036427,Tyler Johnson,WR,False,161.0,28.02,6,4.1889,3.7486,3.766,9.0,3.633,3.465
00-0034983,Hunter Renfrow,WR,False,149.0,30.697,7,5.9833,3.7369,2.3833,6.0,2.524,2.815
00-0040894,Malik Benson,WR,True,195.0,23.875,0,2.5356,3.7202,3.0382,3.745,5.543,4.873
00-0038839,Mitchell Tinsley,WR,False,,26.963,3,3.95,3.7085,2.9546,8.0,4.216,3.522
00-0040406,Quentin Skinner,WR,False,,24.688,1,4.0,3.7013,2.2295,1.0,3.214,2.695
00-0041106,C.J. Williams,WR,True,203.0,23.858,0,2.5356,3.678,3.2156,3.745,5.508,4.873
00-0039920,Malachi Corley,WR,False,65.0,24.45,2,2.6333,3.6669,2.4287,12.0,6.168,4.644
00-0035500,Greg Dortch,WR,False,,28.261,7,6.2583,3.6224,2.7476,12.0,3.849,3.084
00-0040317,Jacoby Jones,WR,False,,25.123,1,3.5,3.5908,3.2057,1.0,3.1,2.695
00-0041399,CJ Daniels,WR,True,197.0,24.658,0,2.5356,3.5793,2.2549,3.745,5.43,3.617
00-0039062,Jonathan Mingo,WR,False,39.0,25.367,3,0.7,3.5601,4.4614,5.0,3.853,3.101
00-0039451,Isaiah Williams,WR,False,,25.588,2,4.0467,3.5256,3.4885,15.0,6.393,7.698
00-0038728,Jared Wayne,WR,False,,25.901,3,4.0,3.4384,3.1931,1.0,2.57,2.597
00-0040900,Anthony Smith,WR,True,218.0,24.504,0,2.5356,3.4054,2.2549,3.745,5.18,3.466
00-0041132,Deion Burks,WR,True,254.0,23.647,0,2.5356,3.3674,3.2816,3.745,5.126,4.722
00-0037524,Tay Martin,WR,False,,28.715,4,2.15,3.3435,1.8077,2.0,1.051,3.392
00-0034860,Dante Pettis,WR,False,44.0,30.859,8,2.4625,3.2874,3.9756,8.0,2.997,1.831
00-0032398,Chris Moore,WR,False,107.0,33.211,10,3.86,3.2341,3.0305,10.0,3.281,3.391
00-0038938,Jalin Hyatt,WR,False,73.0,24.934,3,1.4167,3.2322,3.1972,6.0,4.06,3.023
00-0033943,Josh Reynolds,WR,False,117.0,31.541,9,4.62,3.231,2.545,5.0,2.16,2.15
00-0040172,Jordan Watkins,WR,False,138.0,24.543,1,2.3,3.2017,2.6989,2.0,3.404,3.398
00-0040009,Savion Williams,WR,False,87.0,24.775,1,2.125,3.1545,3.1616,12.0,6.607,4.705
00-0035359,David Sills,WR,False,,31.261,7,4.0917,3.1535,2.8763,12.0,3.983,3.83
00-0040388,Jakobie Keeney-James,WR,False,,25.931,1,3.5,3.1281,2.6981,1.0,2.745,2.695
00-0036182,Nick Westbrook-Ikhine,WR,False,,29.449,6,1.5308,3.0963,2.5795,13.0,3.635,3.439
00-0036959,Michael Bandy,WR,False,,28.74,5,3.75,3.0518,1.5652,4.0,2.466,2.619
00-0032464,Kalif Raymond,WR,False,,32.066,10,4.4533,3.0283,3.0234,15.0,4.079,4.158
00-0039394,Casey Washington,WR,False,187.0,25.49,2,3.08,2.9429,2.7384,5.0,3.432,3.557
00-0040582,Arian Smith,WR,False,110.0,24.89,1,1.0385,2.9125,2.5174,13.0,5.885,4.598
00-0040154,Tai Felton,WR,False,102.0,23.467,1,0.4583,2.8843,3.6232,12.0,5.835,5.838
00-0036165,Isaiah Hodgins,WR,False,207.0,27.864,6,4.5833,2.8795,2.9046,6.0,2.621,2.349
00-0039379,Jamari Thrash,WR,False,156.0,25.701,2,2.5875,2.8214,2.7384,8.0,4.173,3.68
00-0034521,Allen Lazard,WR,False,,30.725,8,2.5556,2.8161,2.5319,9.0,1.918,1.937
00-0038465,Malik Heath,WR,False,,26.421,3,2.0857,2.7774,2.2295,7.0,3.825,2.788
00-0036620,Dee Eskridge,WR,False,56.0,29.443,5,0.9273,2.7425,2.6214,11.0,4.329,4.781
00-0040259,Gage Larvadain,WR,False,,23.661,1,1.1077,2.6732,3.3427,13.0,5.75,5.816
00-0040646,Jalen Royals,WR,False,133.0,23.535,1,1.2,2.6147,3.6488,2.0,3.198,4.376
00-0040184,KeAndre Lambert-Smith,WR,False,158.0,24.877,1,1.61,2.59,2.294,10.0,4.711,4.342
00-0039623,Mason Tipton,WR,False,,25.928,2,2.55,2.5181,2.6757,8.0,4.23,2.209
00-0032951,Laquon Treadwell,WR,False,23.0,31.218,10,0.0,2.471,5.6252,6.0,2.395,2.558
00-0039521,Xavier Weaver,WR,False,,25.887,2,1.9571,2.4094,2.6981,7.0,3.818,3.351
00-0038647,Ronnie Bell,WR,False,253.0,26.593,3,5.15,2.3502,2.6682,2.0,1.493,4.128
00-0033591,Noah Brown,WR,False,239.0,30.654,9,3.325,2.3478,2.7937,4.0,0.558,2.309
00-0036630,Tylan Wallace,WR,False,131.0,27.305,5,1.3182,2.3362,2.2956,11.0,4.249,4.417
00-0035639,Parris Campbell,WR,False,59.0,29.129,7,0.0,2.3201,2.5398,1.0,1.138,2.867
00-0035645,Gunner Olszewski,WR,False,,29.764,7,2.2388,2.3107,1.77,16.0,5.139,2.411
00-0040432,Beaux Collins,WR,False,,23.71,1,1.125,2.249,3.7673,4.0,3.342,3.812
00-0035891,Cody White,WR,False,,27.76,6,2.25,2.2336,2.2488,8.0,2.606,2.123
00-0038953,Dylan Drummond,WR,False,,26.623,3,1.8667,2.2032,2.6981,6.0,3.223,1.88
00-0034407,Ray-Ray McCloud,WR,False,187.0,29.879,8,2.3167,2.1826,2.4378,6.0,1.233,0.967
00-0039589,Kameron Johnson,WR,False,,24.46,2,1.0412,2.1792,2.2863,17.0,5.961,6.648
00-0036841,Austin Trammell,WR,False,,28.162,5,1.2667,2.1035,2.2762,6.0,1.933,2.231
00-0038824,Ryan Miller,WR,False,,26.53,3,1.2667,2.0255,2.248,9.0,3.823,3.478
00-0039650,Bryce Oliver,WR,False,,26.287,2,0.9,2.0079,2.24,2.0,2.218,2.597
00-0035021,Ashton Dulin,WR,False,,29.298,7,1.6667,2.0038,1.8995,12.0,3.907,3.8
00-0038496,Xavier Gipson,WR,False,,25.484,3,0.4333,1.9166,2.0066,6.0,3.264,2.788
00-0035298,Scott Miller,WR,False,208.0,29.088,7,3.04,1.8553,2.054,5.0,1.695,1.952
00-0038640,Jalen Brooks,WR,False,244.0,26.32,3,1.62,1.8542,2.2756,5.0,2.246,2.788
00-0040534,Ke'Shawn Williams,WR,False,,24.679,1,0.2273,1.8486,2.2957,11.0,4.951,3.742
00-0040506,Myles Price,WR,False,,24.71,1,0.0,1.84,2.3124,16.0,5.954,6.605
00-0039816,Anthony Gould,WR,False,142.0,25.405,2,0.2364,1.7947,1.8864,11.0,4.338,4.156
00-0034386,Justin Watson,WR,False,144.0,30.41,8,2.0,1.7661,1.9392,3.0,1.388,2.119
00-0037487,Deven Thompkins,WR,False,,26.692,4,0.8857,1.7545,2.2367,7.0,2.856,2.788
00-0040629,Dalevon Campbell,WR,False,,24.74,1,0.0,1.7544,2.2549,1.0,2.498,2.695
00-0039884,Tahj Washington,WR,False,241.0,25.296,2,2.35,1.71,2.6981,2.0,1.738,2.111
00-0036176,Mason Kinsey,WR,False,,28.009,6,1.1333,1.6937,2.2295,6.0,2.453,2.194
00-0040431,Dalen Cambre,WR,False,,25.394,1,0.0,1.6569,2.2549,3.0,2.872,2.695
00-0037091,Bo Melton,WR,False,229.0,27.291,4,1.8615,1.6492,2.1676,13.0,4.156,3.871
00-0036497,Tim Jones,WR,False,,28.299,5,1.25,1.6259,1.5459,2.0,1.612,2.526
00-0038519,Nikko Remigio,WR,False,,26.826,3,0.3,1.6059,2.3295,14.0,4.986,3.644
00-0038740,Jalen Moreno-Cropper,WR,False,,25.331,3,0.0,1.6032,2.2549,2.0,2.303,2.597
00-0038576,Charlie Jones,WR,False,131.0,27.842,3,0.4286,1.5877,2.3866,14.0,4.698,4.037
00-0032688,Robbie Chosen,WR,False,,33.315,10,3.4333,1.495,2.0145,3.0,0.627,1.488
00-0036133,James Proche,WR,False,201.0,29.947,6,2.0833,1.4939,2.0653,6.0,2.181,2.554
00-0040075,LaJohntay Wester,WR,False,203.0,24.428,1,0.0,1.4773,2.4127,14.0,5.096,3.893
00-0039710,Jeshaun Jones,WR,False,,26.695,2,0.0,1.4016,2.2549,1.0,2.066,2.597
00-0034418,Cedrick Wilson Jr.,WR,False,208.0,30.782,8,1.5667,1.2982,1.9656,6.0,1.235,2.403
00-0036527,DJ Turner,WR,False,,29.619,5,0.0,1.284,1.5224,1.0,0.777,2.43
00-0035544,Tom Kennedy,WR,False,,30.092,7,1.2667,1.2579,1.5459,6.0,1.955,1.956
00-0040352,Coleman Owen,WR,False,,25.443,1,0.0,1.2498,2.2549,2.0,2.357,2.218
00-0034487,Trent Sherfield,WR,False,,30.514,8,1.275,1.2443,1.5912,4.0,1.422,1.52
00-0038492,Jason Brownlee,WR,False,,27.587,3,0.0,1.2182,2.2549,3.0,2.238,2.279
00-0040241,Dominic Lovett,WR,False,244.0,23.814,1,0.0,1.2169,3.2816,2.0,2.052,3.951
00-0035876,Andre Baccellia,WR,False,,29.649,5,0.7,1.1365,1.5451,4.0,1.923,2.055
00-0036646,Simi Fehoko,WR,False,179.0,28.822,5,0.0,1.0456,1.5224,7.0,2.006,3.013
00-0034854,KhaDarel Hodge,WR,False,,32.66,8,0.7625,0.9912,1.5912,8.0,1.877,1.413
00-0037380,Kaden Davis,WR,False,,27.935,4,0.0,0.9566,2.2549,1.0,1.112,2.526
00-0036463,Chris Blair,WR,False,,28.904,5,0.0,0.9451,1.5713,1.0,0.744,2.526
00-0035602,Alex Bachman,WR,False,,30.259,7,0.2909,0.9355,1.5208,11.0,2.74,2.553
00-0034928,Steven Sims,WR,False,,29.422,7,0.0,0.8067,1.5713,3.0,1.307,1.879
00-0033589,David Moore,WR,False,226.0,31.628,9,0.9,0.7913,1.7312,3.0,0.0,2.626
00-0038911,Malik Cunningham,WR,False,,27.905,3,0.1,0.6522,2.1474,1.0,1.804,2.783
00-0034054,River Cracraft,WR,False,,31.834,9,0.0,0.5579,1.5224,2.0,0.0,1.435
00-0033572,Jamal Agnew,WR,False,165.0,31.415,9,0.0,0.381,1.547,11.0,2.439,2.564
00-0031763,DeAndre Carter,WR,False,,33.394,11,0.0,0.1888,1.5713,4.0,0.153,1.018
00-0037098,Samori Toure,WR,False,258.0,28.441,4,1.3,0.0,2.0145,1.0,0.0,1.477
