season,position,label,n,prevalence,roc_auc,average_precision,brier,climatology_brier,brier_skill,log_loss,ece_fixed_bins,warning_informative
2018,QB,breakout,29,0.1724137931034483,0.7333333333333334,0.5216666666666667,0.13151759485684086,0.1426872770511296,0.07828085604497359,0.4260099598017829,0.0969499407154458,False
2019,QB,breakout,31,0.22580645161290322,0.761904761904762,0.5659816374102088,0.15285895317176365,0.1748178980228928,0.12561039286866138,0.4715616600753615,0.052376876701470274,False
2020,QB,breakout,37,0.2702702702702703,0.7814814814814816,0.7315682030387912,0.1605823597829533,0.19722425127830534,0.18578796095235905,0.4889654962697025,0.09137377988679257,False
2021,QB,breakout,37,0.16216216216216217,0.8763440860215054,0.5929894179894181,0.10381585759368099,0.1358655953250548,0.23589296211962762,0.3435655304924281,0.0864029846675763,False
2022,QB,breakout,44,0.3409090909090909,0.7862068965517242,0.6500086175058124,0.204043952232145,0.22469008264462811,0.09188714592774094,0.584514832200583,0.1155827125789944,False
2023,QB,breakout,42,0.19047619047619047,0.7242647058823529,0.6251375711574952,0.1257555712772812,0.15419501133786848,0.18443813333410275,0.41353675536650075,0.09065549590719907,False
2024,QB,breakout,41,0.24390243902439024,0.7645161290322581,0.4946520146520147,0.16458089374429616,0.18441403926234384,0.10754683101883278,0.48730243561085884,0.0634986544784757,False
2025,QB,breakout,36,0.2777777777777778,0.7576923076923078,0.6075350140056022,0.1686266719081496,0.2006172839506173,0.15946089695014665,0.5106197760866159,0.07018868704462339,True
2018,QB,downside,29,0.27586206896551724,0.7678571428571428,0.5483610751993104,0.17712481097523894,0.19976218787158145,0.11332163077276225,0.5272185501132017,0.10439702514923799,False
2019,QB,downside,31,0.41935483870967744,0.7521367521367521,0.6816621412775259,0.23244308841929567,0.24349635796045785,0.045393983030157514,0.6478600066544927,0.17053568846162548,False
2020,QB,downside,37,0.35135135135135137,0.6826923076923077,0.620397505738995,0.19449801987023974,0.22790357925493063,0.14657759871039044,0.5615759914851953,0.1211803116007467,False
2021,QB,downside,37,0.3783783783783784,0.6180124223602484,0.56250421632277,0.22494874352148425,0.23520818115412712,0.04361854074250959,0.6393500717157508,0.17599414210043743,False
2022,QB,downside,44,0.18181818181818182,0.8611111111111112,0.5901385175282234,0.1301932108406039,0.1487603305785124,0.12481230490482942,0.42132600186945834,0.15157600161063642,False
2023,QB,downside,42,0.2857142857142857,0.7166666666666666,0.5492183742183743,0.1795294657060336,0.20408163265306123,0.12030561804043538,0.5332661506239798,0.06343943567535826,True
2024,QB,downside,41,0.3170731707317073,0.8543956043956044,0.7966940608021509,0.14570356489620628,0.2165377751338489,0.32712172365241,0.4538199584937606,0.11437153168991673,True
2025,QB,downside,36,0.3888888888888889,0.8116883116883117,0.7730119759467585,0.17072856824226507,0.23765432098765435,0.2816096609026769,0.5024779608532784,0.14238041511331412,True
2018,QB,low_availability,57,0.8421052631578947,0.8888888888888888,0.9804831483658456,0.10386296167470342,0.13296398891966763,0.21886397573816818,0.3403341669082153,0.07188284649399812,False
2019,QB,low_availability,60,0.8166666666666667,0.738404452690167,0.932713013252904,0.14172730773184955,0.14972222222222223,0.05339831570564313,0.4307386596238697,0.0806601192424497,False
2020,QB,low_availability,57,0.7543859649122807,0.8471760797342193,0.9525042985488311,0.1492506419267323,0.18528778085564787,0.1944927979734995,0.4391668501612865,0.08743333886134701,True
2021,QB,low_availability,63,0.873015873015873,0.8977272727272728,0.9854801979648781,0.08692770723577828,0.11085915847820609,0.21587256813908173,0.29191011699830127,0.10050164275698664,False
2022,QB,low_availability,66,0.803030303030303,0.8635703918722788,0.9689190755025254,0.13207207118439734,0.15817263544536275,0.16501314647426024,0.39114778271509076,0.08365472465198881,False
2023,QB,low_availability,66,0.803030303030303,0.695210449927431,0.9057120670224955,0.15064540031069723,0.15817263544536275,0.04758873185283452,0.4813884545712523,0.07455836554719691,False
2024,QB,low_availability,66,0.7575757575757576,0.7725,0.90483058540754,0.15007130717470202,0.18365472910927458,0.1828617324337476,0.46532705006320313,0.05474798385082216,True
2025,QB,low_availability,60,0.85,0.6949891067538126,0.9400309142095485,0.1389022247250642,0.1275,-0.08942921352991529,0.4270806959937615,0.06109773746699409,False
2018,RB,breakout,58,0.1896551724137931,0.6189555125725339,0.259131291869658,0.1509908355431273,0.1536860879904875,0.017537387297716922,0.47660368336709985,0.027543452323608678,False
2019,RB,breakout,55,0.18181818181818182,0.6377777777777778,0.3262416945311682,0.14866344244183952,0.1487603305785124,0.0006513035854122107,0.49881157926805075,0.04240248756616592,False
2020,RB,breakout,62,0.25806451612903225,0.7133152173913043,0.4979085312392223,0.1904848051926814,0.1914672216441207,0.005130990270832414,0.5675477153930147,0.08470473364777706,False
2021,RB,breakout,65,0.13846153846153847,0.5198412698412698,0.28349588493090117,0.12334735040729593,0.11928994082840239,-0.03401300688655806,0.41406651862028754,0.08108159746326107,False
2022,RB,breakout,62,0.12903225806451613,0.6481481481481483,0.2127002358107009,0.11309190366478339,0.11238293444328824,-0.00630851316534109,0.386694654855096,0.05683875014917496,False
2023,RB,breakout,59,0.15254237288135594,0.7288888888888889,0.3064667171936314,0.12448838895944986,0.1292731973570813,0.03701315118256665,0.41028736050451026,0.08363885359875713,False
2024,RB,breakout,59,0.1864406779661017,0.5681818181818181,0.26695262703687916,0.15048257494318948,0.15168055156564206,0.00789802390673755,0.47658283122647366,0.0356775500866343,False
2025,RB,breakout,52,0.09615384615384616,0.6382978723404256,0.41634615384615387,0.09078572941044905,0.08690828402366864,-0.04461537159937956,0.33453647392772184,0.08359586475152528,False
2018,RB,downside,58,0.29310344827586204,0.7618364418938307,0.5610400808588992,0.18006651983413946,0.2071938168846611,0.13092715534857213,0.5334919817969404,0.08921891859139885,False
2019,RB,downside,55,0.3090909090909091,0.7956656346749226,0.5559802516324255,0.1804988270957335,0.21355371900826445,0.154784904079576,0.5431450024915839,0.11909605892007954,True
2020,RB,downside,62,0.2903225806451613,0.8093434343434343,0.5484716816837264,0.17192486290156386,0.20603537981269512,0.16555659975554116,0.514508356966765,0.1311098957474789,False
2021,RB,downside,65,0.27692307692307694,0.9089834515366431,0.8107169714625855,0.1249102937462603,0.20023668639053255,0.3761867717754731,0.40707003207846737,0.14077835030076055,True
2022,RB,downside,62,0.2903225806451613,0.803030303030303,0.6355540368948513,0.16361962849787992,0.20603537981269512,0.20586634855321928,0.49132106314137386,0.09903523964849062,True
2023,RB,downside,59,0.3050847457627119,0.7655826558265583,0.5492691225781374,0.18433963826107705,0.21200804366561332,0.13050639459781943,0.5268408546063478,0.16085183098248787,True
2024,RB,downside,59,0.11864406779661017,0.7335164835164835,0.2428647764195937,0.12625936447984246,0.10456765297328353,-0.207441889434977,0.4002156884346837,0.1298416719799916,False
2025,RB,downside,52,0.19230769230769232,0.7690476190476191,0.409202733881851,0.15723900115658832,0.15532544378698226,-0.012319664589082846,0.4695075620371256,0.12426978470037822,False
2018,RB,low_availability,111,0.7027027027027027,0.7482517482517483,0.8858506060412286,0.19508445639525407,0.2089116143170197,0.06618664054159851,0.5745668973155883,0.012845487295622666,True
2019,RB,low_availability,111,0.6936936936936937,0.6779984721161192,0.7916571320198368,0.19860641299467022,0.21248275302329356,0.06530572402317347,0.5980549711089896,0.03946332187165777,False
2020,RB,low_availability,110,0.6909090909090909,0.6191950464396285,0.7755828657682792,0.21048579547462473,0.21355371900826445,0.014366050602569902,0.6094704635777495,0.03003764497952944,False
2021,RB,low_availability,116,0.7241379310344828,0.6357886904761905,0.8221943246132639,0.19160303738546816,0.19976218787158145,0.040844318802507606,0.5685006419566805,0.03055772667236305,False
2022,RB,low_availability,119,0.7647058823529411,0.8182888540031398,0.9323487176203782,0.15794678191052622,0.1799307958477509,0.12218038515111407,0.4929664965819805,0.08456414935259608,True
2023,RB,low_availability,117,0.7606837606837606,0.8282504012841091,0.935322295588547,0.1512967065586476,0.18204397691577182,0.16890023431728463,0.4738989874634249,0.1408330435300469,True
2024,RB,low_availability,110,0.6636363636363637,0.7637911884487227,0.8564537271402242,0.188471086559646,0.22322314049586775,0.1556830257787053,0.5559124060676878,0.07673131717935656,True
2025,RB,low_availability,106,0.7452830188679245,0.7529301453352087,0.9056975944310233,0.16596358293582966,0.1898362406550374,0.12575395318003668,0.5045941462904445,0.06514028346889582,True
2018,WR,breakout,84,0.2261904761904762,0.6939271255060728,0.47206405176859023,0.1640204680806042,0.17502834467120182,0.06289196536296104,0.5008103217304156,0.04104997766017039,False
2019,WR,breakout,85,0.23529411764705882,0.7376923076923076,0.6623280760517709,0.16247878228362386,0.17993079584775085,0.09699292153909034,0.4996241544625731,0.05469336507606097,False
2020,WR,breakout,94,0.1595744680851064,0.5476793248945148,0.1750473699590337,0.14157933279750778,0.13411045722046175,-0.055691970125551604,0.4513403491738478,0.06680031598757336,False
2021,WR,breakout,91,0.13186813186813187,0.649789029535865,0.2418535699151825,0.11648018433458289,0.11447892766574086,-0.01748144142898833,0.4551489721392226,0.059706389179915956,False
2022,WR,breakout,96,0.11458333333333333,0.8139037433155081,0.5032659759322297,0.09748088571923959,0.10145399305555555,0.039161665466831974,0.3454457216971092,0.09184191190359572,True
2023,WR,breakout,77,0.07792207792207792,0.5211267605633803,0.08827351196652922,0.08413798364995229,0.07185022769438354,-0.1710190259637725,0.3169805195092141,0.09806296150644632,False
2024,WR,breakout,85,0.17647058823529413,0.6495238095238095,0.3514431837057498,0.14058172525750617,0.1453287197231834,0.03266384287096946,0.4482006022471077,0.010971723475834819,False
2025,WR,breakout,86,0.08139534883720931,0.759493670886076,0.17416898845470274,0.07837183749732804,0.07477014602487832,-0.0481701810673385,0.2920143608850514,0.0721483080171437,False
2018,WR,downside,84,0.13095238095238096,0.6425902864259029,0.25626058992079415,0.14141849751082633,0.11380385487528345,-0.24265120602290224,0.4324639235997023,0.1341138042915838,False
2019,WR,downside,85,0.21176470588235294,0.7180762852404643,0.42524094424567116,0.15866043526578275,0.1669204152249135,0.04948453997074598,0.4820374741789325,0.06543324049126473,True
2020,WR,downside,94,0.20212765957446807,0.7480701754385964,0.35516792083041054,0.14673150609951824,0.16127206880941602,0.09016169270502239,0.45111771346298324,0.06443429954468216,False
2021,WR,downside,91,0.23076923076923078,0.8163265306122449,0.46463128284386673,0.1598372696753316,0.17751479289940827,0.09958338082896523,0.5069555631923054,0.08429403259297302,False
2022,WR,downside,96,0.22916666666666666,0.8507371007371007,0.5623494467511578,0.15252549657304812,0.17664930555555555,0.13656328229901016,0.4568085882179389,0.14133772027232533,False
2023,WR,downside,77,0.2857142857142857,0.8223140495867769,0.7092541827901417,0.16296264149057768,0.20408163265306123,0.2014830566961694,0.49298770053917146,0.08410249601601869,True
2024,WR,downside,85,0.23529411764705882,0.8007692307692308,0.5558446283159303,0.1457791483917167,0.17993079584775085,0.18980434836142046,0.4471356191399753,0.07503191340011547,True
2025,WR,downside,86,0.23255813953488372,0.8553030303030302,0.6324912215003331,0.13300518717463292,0.17847485127095727,0.2547679058003144,0.4123737832135241,0.08921399582970228,True
2018,WR,low_availability,156,0.6923076923076923,0.7390046296296297,0.8629719592540844,0.18596010818340722,0.21301775147928995,0.1270206032501161,0.5501962311087234,0.03183803293856645,True
2019,WR,low_availability,175,0.6914285714285714,0.7245179063360881,0.8233794333525493,0.18451267382045825,0.21335510204081634,0.13518508788620553,0.5545779425293277,0.03128600217076711,False
2020,WR,low_availability,175,0.68,0.688625450180072,0.8126581820292502,0.20011306368179566,0.2176,0.08036275881527721,0.5854461809675288,0.033362876276235034,True
2021,WR,low_availability,162,0.691358024691358,0.67125,0.7936838740442543,0.19860675565536318,0.21338210638622163,0.06924362581797305,0.6276395480129694,0.04011822692732406,False
2022,WR,low_availability,188,0.7287234042553191,0.7493917274939171,0.8899690338250901,0.17200271865367225,0.19768560434585786,0.12991783482247143,0.5186761066388635,0.054938397795456465,True
2023,WR,low_availability,171,0.7192982456140351,0.7835365853658537,0.9047694005769066,0.16665707314952277,0.20190827947060633,0.1745901971603666,0.50520676736681,0.07242553483865817,True
2024,WR,low_availability,154,0.6818181818181818,0.7589893100097181,0.8728929581178863,0.18098064914900294,0.2169421487603306,0.16576538868459612,0.5385650185050416,0.06942761756055878,True
2025,WR,low_availability,170,0.7529411764705882,0.7760416666666665,0.9116412581978232,0.15727940286714676,0.18602076124567474,0.1545061862238576,0.4833630636765354,0.05689771420386416,True
2018,TE,breakout,51,0.23529411764705882,0.37393162393162394,0.23578478307637624,0.20784839739907277,0.17993079584775085,-0.15515743939100068,0.6897555647223291,0.15809524993509472,False
2019,TE,breakout,49,0.14285714285714285,0.6224489795918366,0.25816326530612244,0.12211729957243614,0.12244897959183673,0.0027087201584381493,0.40889240279020145,0.009924029461056527,False
2020,TE,breakout,48,0.20833333333333334,0.6552631578947369,0.35077650587632436,0.1682844201682339,0.16493055555555555,-0.020335010704239265,0.5237042274276899,0.07041678716741315,False
2021,TE,breakout,51,0.0784313725490196,0.5797872340425532,0.12653911948266788,0.07690761801312908,0.0722798923490965,-0.06402507687313164,0.2958107032153299,0.0689366921054998,False
2022,TE,breakout,56,0.03571428571428571,0.25,0.03518518518518518,0.04696763875534322,0.03443877551020408,-0.3638010660810773,0.21945156257122264,0.10061269026644236,False
2023,TE,breakout,52,0.019230769230769232,0.8235294117647058,0.1,0.02925628191778071,0.01886094674556213,-0.5511565942290009,0.16606456592054641,0.10316123567024546,False
2024,TE,breakout,50,0.14,0.5581395348837208,0.18789305164881198,0.12346876803709408,0.12040000000000001,-0.0254881066203827,0.43193846776957295,0.029970327972842173,False
2025,TE,breakout,57,0.08771929824561403,0.5423076923076924,0.10692808395852578,0.08060714002450632,0.08002462296091103,-0.007279222844696509,0.30035994720721754,0.024837043133939446,False
2018,TE,downside,51,0.0392156862745098,0.8673469387755103,0.18333333333333335,0.06307996005187624,0.03767781622452903,-0.6741936336217358,0.20645504060122355,0.09101205940458473,False
2019,TE,downside,49,0.20408163265306123,0.8,0.6344908253156335,0.12405639045871696,0.1624323198667222,0.2362579654067195,0.42813857332632926,0.11961511023112441,True
2020,TE,downside,48,0.16666666666666666,0.859375,0.6284340659340659,0.10388778567340053,0.1388888888888889,0.2520079431515162,0.3340490673918004,0.06705769429328437,True
2021,TE,downside,51,0.11764705882352941,0.7851851851851852,0.3045290765879002,0.10475334810417228,0.10380622837370242,-0.009123920070192915,0.32821718369617614,0.04967278343048005,False
2022,TE,downside,56,0.125,0.9096209912536443,0.6747095010252905,0.0733674128975634,0.109375,0.3292122249365631,0.2465837749610598,0.020957133753915235,True
2023,TE,downside,52,0.09615384615384616,0.897872340425532,0.5108225108225108,0.06737604870923529,0.08690828402366864,0.22474537995841604,0.2341192977584115,0.06436901246461627,True
2024,TE,downside,50,0.06,0.9787234042553191,0.8333333333333333,0.03359660489581393,0.05639999999999999,0.4043155160316678,0.14129914132169835,0.06694966385616179,True
2025,TE,downside,57,0.12280701754385964,0.7685714285714286,0.45106034316560634,0.09110116212010219,0.1077254539858418,0.15432092649082274,0.40846083521797183,0.0542879066795204,True
2018,TE,low_availability,95,0.7473684210526316,0.6907276995305165,0.8594242682765966,0.17995501615068552,0.188808864265928,0.04689318030520151,0.5428646193027559,0.09192769501669212,False
2019,TE,low_availability,98,0.7857142857142857,0.6846011131725418,0.8780728669006895,0.16458311880875784,0.16836734693877553,0.022476021620711162,0.5086748181038806,0.08989140177422439,True
2020,TE,low_availability,95,0.6947368421052632,0.6959247648902822,0.8691052063990574,0.19746671917888942,0.21207756232686978,0.068893865940712,0.5757807383888316,0.10467751526534572,True
2021,TE,low_availability,94,0.7553191489361702,0.718922229026332,0.8941458157596163,0.16482074761686652,0.18481213218650971,0.10817138644051882,0.5056250796978483,0.06870182887289109,True
2022,TE,low_availability,102,0.6862745098039216,0.7933035714285714,0.895898782403951,0.17664313912614502,0.21530180699730872,0.17955570559445855,0.5262048516104098,0.06734811527917314,True
2023,TE,low_availability,92,0.6847826086956522,0.7427476737821566,0.8614393700826226,0.18257082559220736,0.21585538752362948,0.15419843031612313,0.5417152392181656,0.026073882984818456,True
2024,TE,low_availability,91,0.6263736263736264,0.8157894736842105,0.8781307658697333,0.19838600665165504,0.23402970655717908,0.1523041686881551,0.6198613123505969,0.1374047946027776,True
2025,TE,low_availability,95,0.6736842105263158,0.7096774193548389,0.8123310836158688,0.19581615895154028,0.21983379501385042,0.1092536116241678,0.5836224410999123,0.03918224477370903,True
