player_id,player_name,position,prior_2025_games,naive_prev_ppr_pg,ridge_shadow_ppr_pg,boost_shadow_ppr_pg,rookie_or_no_2025_history
00-0033873,Patrick Mahomes,QB,14,20.4057,17.4829,20.2456,False
00-0036442,Joe Burrow,QB,8,16.8075,16.5168,18.0984,False
00-0034855,Baker Mayfield,QB,17,15.9953,15.9338,15.6602,False
00-0033077,Dak Prescott,QB,17,18.4576,15.3152,14.9266,False
00-0035228,Kyler Murray,QB,5,15.5560,15.1084,14.7622,False
00-0033106,Jared Goff,QB,17,17.4741,16.7043,14.5163,False
00-0033119,Jacoby Brissett,QB,14,16.2457,10.9997,13.9760,False
00-0036945,Justin Fields,QB,9,15.8511,12.0359,13.7381,False
00-0026158,Joe Flacco,QB,13,11.2815,10.5217,13.4851,False
00-0040691,Jaxson Dart,QB,14,17.2557,15.3678,13.1312,False
00-0038128,Malik Willis,QB,4,12.7950,9.7094,13.0095,False
00-0034796,Lamar Jackson,QB,13,16.5277,15.8445,12.6489,False
00-0036212,Tua Tagovailoa,QB,14,11.4786,13.6515,12.6290,False
00-0035710,Daniel Jones,QB,13,17.4185,13.1960,12.5329,False
00-0039910,Jayden Daniels,QB,7,16.3257,14.8248,12.0721,False
00-0030565,Geno Smith,QB,15,11.5933,13.9714,12.0128,False
00-0040743,Tyler Shough,QB,11,14.3600,12.5723,11.8973,False
00-0033869,Mitchell Trubisky,QB,4,7.7800,10.1294,11.5754,False
00-0032950,Carson Wentz,QB,5,14.0680,11.5627,11.5509,False
00-0032268,Marcus Mariota,QB,10,12.5500,13.2905,10.9920,False
00-0040676,Cam Ward,QB,17,10.9800,11.5212,10.9473,False
00-0040704,Dillon Gabriel,QB,10,7.0080,9.0983,9.8234,False
00-0039923,J.J. McCarthy,QB,10,12.5380,11.4373,9.4928,False
00-0029604,Kirk Cousins,QB,10,10.3540,10.9673,9.1390,False
00-0039917,Michael Penix Jr.,QB,9,13.3644,8.1892,9.1334,False
00-0035993,Tyler Huntley,QB,5,8.0280,9.1566,8.6797,False
00-0040398,Brady Cook,QB,5,5.6920,6.0242,8.4230,False
00-0029263,Russell Wilson,QB,6,8.3067,9.0289,7.7607,False
00-0039398,Joe Milton III,QB,4,2.5800,6.8980,7.7545,False
00-0035100,Jake Browning,QB,5,9.7480,8.5920,7.6140,False
00-0033662,Cooper Rush,QB,4,0.4300,5.8369,7.5333,False
00-0040234,Quinn Ewers,QB,4,8.2950,9.4977,7.4569,False
00-0027973,Andy Dalton,QB,4,2.3800,5.6091,7.2998,False
00-0036898,Davis Mills,QB,6,11.4333,5.4442,7.2307,False
00-0038400,Tanner McKee,QB,4,3.4400,6.4259,7.1678,False
00-0040206,Riley Leonard,QB,5,6.2000,7.1312,7.0777,False
00-0039376,Spencer Rattler,QB,9,11.0156,5.0113,6.8006,False
00-0028118,Tyrod Taylor,QB,6,9.9100,10.8449,6.2384,False
00-0040668,Shedeur Sanders,QB,8,10.6125,9.8434,6.0947,False
00-0033319,Nick Mullens,QB,4,-0.0100,3.2367,5.9830,False
00-0035289,Gardner Minshew,QB,4,-0.0800,6.0976,5.5703,False
00-0038102,Kenny Pickett,QB,6,1.2867,5.4315,5.2907,False
00-0037012,Trey Lance,QB,4,3.3850,3.6346,5.1645,False
00-0033949,Joshua Dobbs,QB,4,0.5250,5.3574,4.9403,False
00-0040494,Max Brosmer,QB,7,0.6029,4.3961,4.5729,False
00-0037013,Zach Wilson,QB,4,0.3450,4.5907,3.2452,False
00-0038542,Bijan Robinson,RB,17,21.8118,18.3532,18.8032,False
00-0039040,De'Von Achane,RB,16,20.1750,17.0581,18.6031,False
00-0039139,Jahmyr Gibbs,RB,17,21.5824,17.1810,18.2999,False
00-0036223,Jonathan Taylor,RB,17,21.3118,16.5302,15.9351,False
00-0032764,Derrick Henry,RB,17,16.4412,13.7610,14.7334,False
00-0038597,Chase Brown,RB,17,16.6235,13.3708,14.6186,False
00-0036997,Javonte Williams,RB,16,15.1750,13.5519,14.3409,False
00-0040715,Cam Skattebo,RB,8,15.9625,11.3576,12.6910,False
00-0040122,Ashton Jeanty,RB,17,14.4176,13.3181,12.5743,False
00-0039361,Bucky Irving,RB,10,13.8500,11.5154,12.1479,False
00-0038120,Breece Hall,RB,16,12.9787,10.4394,11.0021,False
00-0036158,J.K. Dobbins,RB,10,11.5900,11.1693,10.7513,False
00-0035261,Tony Pollard,RB,17,10.9294,10.1201,9.9847,False
00-0040784,Quinshon Judkins,RB,14,12.1286,10.1827,9.8927,False
00-0039384,Tyrone Tracy Jr.,RB,15,10.7200,10.1211,9.2636,False
00-0033293,Aaron Jones,RB,12,9.8917,10.3335,8.5530,False
00-0037256,Rachaad White,RB,17,8.4118,9.3880,8.1766,False
00-0037525,Jordan Mason,RB,16,8.0563,7.7942,7.5748,False
00-0040242,Jacory Croskey-Merritt,RB,17,8.2529,8.4186,7.4483,False
00-0040162,Dylan Sampson,RB,15,5.8400,6.8753,7.4361,False
00-0033906,Alvin Kamara,RB,11,9.1545,7.5808,7.3982,False
00-0040202,Devin Neal,RB,9,6.6667,6.0858,6.9227,False
00-0037197,Isiah Pacheco,RB,13,6.7154,7.5389,6.7929,False
00-0033923,Kareem Hunt,RB,17,8.5529,8.3818,6.7647,False
00-0033955,Jeremy McNichols,RB,16,4.5438,6.3436,6.5806,False
00-0035685,David Montgomery,RB,17,9.8188,6.0447,6.5472,False
00-0040078,Brashard Smith,RB,17,3.7235,5.6958,6.5037,False
00-0037157,Bam Knight,RB,12,7.7417,6.6442,6.4998,False
00-0036328,Antonio Gibson,RB,5,4.6400,3.7917,6.4842,False
00-0037263,Tyler Allgeier,RB,17,7.2353,6.0854,6.4777,False
00-0035537,Ty Johnson,RB,17,5.9000,6.7526,6.4667,False
00-0033526,Samaje Perine,RB,15,5.1933,6.3051,6.4108,False
00-0036924,Michael Carter,RB,13,7.6154,7.6145,6.3803,False
00-0038611,Chris Rodriguez Jr.,RB,12,7.6667,6.4918,6.3784,False
00-0039032,Tyjae Spears,RB,13,8.5923,7.9321,6.2780,False
00-0039874,Jaylen Wright,RB,9,5.3556,5.5595,6.2559,False
00-0038551,Kendre Miller,RB,7,4.7571,4.7816,6.2425,False
00-0038705,Emari Demercado,RB,12,4.8583,5.2978,6.2234,False
00-0038951,Sean Tucker,RB,17,5.3765,4.5238,6.0147,False
00-0035250,Devin Singletary,RB,17,6.4000,6.3427,5.9391,False
00-0039798,Isaiah Davis,RB,16,4.4500,5.0961,5.9018,False
00-0038454,Keaton Mitchell,RB,13,4.2615,6.0176,5.8478,False
00-0035243,Miles Sanders,RB,4,6.6750,5.0811,5.8469,False
00-0040198,Ollie Gordon II,RB,17,3.1824,4.3694,5.7118,False
00-0039373,Audric Estimé,RB,5,9.6200,7.6728,5.5872,False
00-0039921,Trey Benson,RB,4,8.8500,6.4343,5.5153,False
00-0037563,Malik Davis,RB,10,4.0600,5.0385,5.4581,False
00-0040466,Raheim Sanders,RB,4,5.0750,5.3881,5.3171,False
00-0039405,Jawhar Jordan,RB,4,7.4250,7.1056,5.1395,False
00-0040142,Kaleb Johnson,RB,10,0.8800,2.9353,4.8357,False
00-0040586,Jaydon Blue,RB,5,4.0800,4.6297,4.7756,False
00-0038440,Zavier Scott,RB,11,3.5636,4.4747,4.7124,False
00-0040179,DJ Giddens,RB,5,1.9200,4.2251,4.7105,False
00-0039757,Terrell Jennings,RB,6,2.5333,3.8623,4.5452,False
00-0040208,Tahj Brooks,RB,12,0.5333,2.4564,4.5107,False
00-0036906,Khalil Herbert,RB,5,1.3200,2.6358,4.5039,False
00-0040556,Corey Kiner,RB,4,2.3250,4.0404,4.4922,False
00-0034975,Justice Hill,RB,10,6.5200,6.2463,4.4494,False
00-0037267,Jerome Ford,RB,13,3.3538,4.4664,4.3733,False
00-0039794,Braelon Allen,RB,4,3.8250,3.1263,4.3492,False
00-0037258,Dameon Pierce,RB,5,0.7200,2.7495,4.3330,False
00-0038397,Evan Hull,RB,6,1.0667,2.7492,4.2344,False
00-0038040,Zamir White,RB,5,1.9200,2.3089,4.0098,False
00-0031687,Raheem Mostert,RB,12,2.4500,3.2916,3.5183,False
00-0036265,AJ Dillon,RB,6,1.5167,3.1241,3.0459,False
00-0036842,Kene Nwangwu,RB,10,1.0900,2.8266,3.0444,False
00-0032104,Ameer Abdullah,RB,13,2.9154,3.4693,3.0252,False
00-0033854,Dare Ogunbowale,RB,14,1.7214,2.9537,2.7276,False
00-0036425,DeeJay Dallas,RB,5,0.4200,1.8595,2.7034,False
00-0035291,Trayveon Williams,RB,6,2.8500,3.0519,2.6696,False
00-0038738,Hunter Luepke,RB,14,2.6429,3.3293,2.4477,False
00-0037594,Julius Chestnut,RB,16,0.2500,1.7838,2.3902,False
00-0038896,Jacob Saylors,RB,11,0.1000,2.3116,2.2348,False
00-0039407,Dylan Laube,RB,17,0.3353,1.9218,2.2285,False
00-0039796,Rasheen Ali,RB,15,1.6133,2.8100,2.1531,False
00-0037120,Tyler Goodson,RB,10,0.5200,1.9078,2.0701,False
00-0036187,Reggie Gilliam,RB,11,0.4364,2.3591,2.0401,False
00-0039021,Roschon Johnson,RB,6,0.2833,1.9208,1.9777,False
00-0039363,Isaac Guerendo,RB,7,0.0000,1.5606,1.8929,False
00-0035567,Craig Reynolds,RB,5,0.0800,2.1164,1.7154,False
00-0035594,Travis Homer,RB,8,-0.0250,1.4864,1.7005,False
00-0039364,Sione Vaki,RB,8,0.0500,1.5614,1.7005,False
00-0040205,Kalel Mullings,RB,4,0.1750,2.3023,1.4755,False
00-0034367,Nyheim Hines,RB,4,-0.0500,2.0113,1.3138,False
00-0033376,Patrick Ricard,RB,5,0.4200,1.7768,1.1920,False
00-0036414,Cam Akers,RB,4,1.7950,0.0000,0.8383,False
00-0036970,Kyle Pitts,TE,17,12.4000,10.9156,13.3040,False
00-0037744,Trey McBride,TE,17,18.5824,13.5525,12.7164,False
00-0040128,Tyler Warren,TE,17,11.0882,9.9831,12.5917,False
00-0030506,Travis Kelce,TE,17,11.3647,10.5790,12.3637,False
00-0036040,Juwan Johnson,TE,17,10.5824,9.7214,11.4647,False
00-0039338,Brock Bowers,TE,12,14.6833,10.7325,10.4303,False
00-0040663,Harold Fannin Jr.,TE,16,11.6500,10.0471,10.1085,False
00-0039065,Sam LaPorta,TE,9,11.8778,8.8746,9.6370,False
00-0030061,Zach Ertz,TE,13,9.7231,9.1241,9.4222,False
00-0034753,Mark Andrews,TE,17,7.7059,8.0813,8.8711,False
00-0038041,Jake Ferguson,TE,17,11.0647,7.5375,8.4176,False
00-0031610,Darren Waller,TE,9,9.8556,6.8355,8.4058,False
00-0038996,Tucker Kraft,TE,8,14.6500,9.5623,8.0602,False
00-0038129,Cade Otton,TE,15,8.1467,8.2726,7.9217,False
00-0039847,Theo Johnson,TE,15,8.5200,7.4195,7.3319,False
00-0037809,Chig Okonkwo,TE,17,7.2941,7.0385,7.2952,False
00-0037252,Greg Dulcich,TE,9,6.9778,5.4992,6.8974,False
00-0033357,Taysom Hill,TE,13,3.2138,6.9716,5.7955,False
00-0035229,T.J. Hockenson,TE,15,7.5200,7.2910,5.7006,False
00-0037838,Isaiah Likely,TE,12,5.1417,6.1127,5.5722,False
00-0040736,Mason Taylor,TE,13,6.8385,7.0671,5.5332,False
00-0040584,Gunnar Helm,TE,16,5.7313,6.0421,5.1614,False
00-0034829,Mike Gesicki,TE,12,5.8917,5.3891,5.1200,False
00-0038558,Darnell Washington,TE,13,5.6462,6.0231,4.7648,False
00-0033885,David Njoku,TE,11,7.8455,6.0297,4.5589,False
00-0035644,Noah Fant,TE,13,5.7538,4.7470,4.4128,False
00-0034270,Tyler Conklin,TE,6,2.8833,3.6139,4.4107,False
00-0039356,Ja'Tavion Sanders,TE,12,4.5000,3.9246,4.3199,False
00-0036637,Noah Gray,TE,14,2.7714,4.1679,4.3053,False
00-0039074,Davis Allen,TE,15,4.1867,3.9823,4.2098,False
00-0040739,Elijah Arroyo,TE,13,2.8385,4.1706,4.1049,False
00-0037004,Hunter Long,TE,7,4.6429,3.3542,3.9393,False
00-0035249,Josh Oliver,TE,12,4.5833,3.9193,3.8643,False
00-0039066,Michael Mayer,TE,13,5.6769,5.4199,3.7999,False
00-0039041,Elijah Higgins,TE,17,3.4176,3.9435,3.7643,False
00-0039912,Ben Sinnott,TE,9,3.1556,3.6761,3.5944,False
00-0037805,Jeremy Ruckert,TE,14,3.3500,3.3496,3.4865,False
00-0036754,Brock Wright,TE,8,4.6000,2.9100,3.4828,False
00-0034159,Will Dissly,TE,8,2.5875,3.2868,3.4808,False
00-0037086,Grant Calcaterra,TE,9,2.5111,3.0528,3.3866,False
00-0038115,Daniel Bellinger,TE,13,4.5846,4.1888,3.3786,False
00-0033455,Anthony Firkser,TE,5,2.6600,2.9764,3.2788,False
00-0033246,Johnny Mundt,TE,12,1.6750,3.0611,3.2781,False
00-0033217,Mo Alie-Cox,TE,11,2.7909,2.7897,3.2750,False
00-0034981,Foster Moreau,TE,7,1.8429,2.4844,3.2107,False
00-0034613,Tanner Hudson,TE,10,4.7800,3.5746,3.1967,False
00-0038720,Julian Hill,TE,11,2.8182,3.0170,3.1861,False
00-0034365,Ian Thomas,TE,9,2.7111,3.4884,3.1753,False
00-0036628,John Bates,TE,10,2.7300,3.2818,3.1686,False
00-0037348,Tanner Conner,TE,8,2.2625,2.8064,3.1439,False
00-0038046,Charlie Kolar,TE,13,2.7846,3.6336,3.1373,False
00-0038547,Luke Schoonmaker,TE,14,1.9429,2.8713,3.0445,False
00-0037475,Stone Smartt,TE,6,2.0333,2.3227,3.0070,False
00-0037306,John FitzPatrick,TE,11,2.2909,2.8364,2.8599,False
00-0035631,Drew Sample,TE,12,2.6583,2.5284,2.8585,False
00-0036741,Jack Stoll,TE,9,1.8444,1.8421,2.6544,False
00-0039530,Brevyn Spann-Ford,TE,16,1.5000,2.1638,2.4319,False
00-0036429,Charlie Woerner,TE,7,1.8286,1.9410,2.3680,False
00-0039458,Brenden Bates,TE,5,1.7600,2.7623,2.2128,False
00-0036590,Quintin Morris,TE,11,1.5909,1.8866,2.1881,False
00-0040509,Ben Yurosek,TE,6,0.5667,2.0002,2.1710,False
00-0039686,Colson Yankoff,TE,10,0.3800,1.9882,2.0202,False
00-0036876,Kylen Granson,TE,12,0.9167,1.8346,1.6542,False
00-0036825,Feleipe Franks,TE,10,0.0400,1.2948,1.6250,False
00-0034073,Ross Dwelley,TE,4,0.6750,1.1801,1.6087,False
00-0039050,Payne Durham,TE,8,0.2625,1.5507,1.5802,False
00-0039754,Devin Culp,TE,4,1.9000,1.9996,1.5764,False
00-0039648,David Martin-Robinson,TE,11,1.1818,1.5588,1.5212,False
00-0031484,Chris Manhertz,TE,4,0.4250,1.3141,1.5022,False
00-0033439,Pharaoh Brown,TE,5,0.4200,1.1798,1.5022,False
00-0037292,Andrew Ogletree,TE,11,1.1545,1.6379,1.4104,False
00-0036332,Josiah Deguara,TE,7,1.5857,1.4515,1.3693,False
00-0038710,Blake Whiteheart,TE,9,0.2667,1.4373,1.3351,False
00-0038564,Cameron Latu,TE,10,0.0000,1.7270,1.2080,False
00-0038643,Brayden Willis,TE,6,0.0000,1.0541,1.2080,False
00-0040058,Nick Kallerup,TE,4,0.0000,1.6601,1.2080,False
00-0037247,George Pickens,WR,17,17.1706,15.0062,16.6995,False
00-0036963,Amon-Ra St. Brown,WR,17,19.0588,16.8398,15.5256,False
00-0039067,Rashee Rice,WR,8,18.7625,12.4256,14.8674,False
00-0037238,Drake London,WR,12,16.8250,13.6839,14.4231,False
00-0036900,Ja'Marr Chase,WR,16,19.6000,17.2828,14.2455,False
00-0036358,CeeDee Lamb,WR,13,15.4538,13.0750,14.1591,False
00-0036410,Tee Higgins,WR,15,14.1067,12.8038,13.9712,False
00-0039337,Malik Nabers,WR,4,14.2750,11.1626,12.2948,False
00-0038117,Wan'Dale Robinson,WR,16,13.6188,11.6343,12.2201,False
00-0037239,Chris Olave,WR,16,16.7500,10.1984,12.0813,False
00-0037240,Jameson Williams,WR,17,12.9353,12.0350,11.4066,False
00-0036322,Justin Jefferson,WR,17,11.8529,11.3889,11.3054,False
00-0033040,Tyreek Hill,WR,4,13.3750,10.9513,11.2695,False
00-0040129,Emeka Egbuka,WR,17,11.5118,10.6561,11.1905,False
00-0037664,Alec Pierce,WR,15,12.2200,10.5681,11.0933,False
00-0036613,Jaylen Waddle,WR,16,12.1325,10.6669,11.0193,False
00-0035719,Deebo Samuel Sr.,WR,16,11.7625,9.7497,10.9546,False
00-0037740,Garrett Wilson,WR,7,14.2143,11.1070,10.8619,False
00-0039064,Zay Flowers,WR,17,14.3118,12.5285,10.7321,False
00-0035659,Terry McLaurin,WR,10,11.4200,10.4828,10.4851,False
00-0036252,Michael Pittman,WR,17,11.9059,10.3411,10.0809,False
00-0038994,Jordan Addison,WR,14,9.6500,9.2408,10.0642,False
00-0039868,Troy Franklin,WR,17,10.4176,9.7096,9.8622,False
00-0038559,Michael Wilson,WR,17,12.9765,10.3304,9.4905,False
00-0039849,Marvin Harrison Jr.,WR,12,10.6500,9.4232,8.7030,False
00-0033921,Chris Godwin Jr.,WR,9,9.2222,10.0210,8.5746,False
00-0038997,Josh Downs,WR,16,8.6500,8.9101,8.4415,False
00-0031408,Mike Evans,WR,8,10.6000,9.1677,8.3792,False
00-0038563,Tre Tucker,WR,17,9.5118,8.9692,8.0310,False
00-0034837,Calvin Ridley,WR,7,6.7571,7.0934,7.3517,False
00-0036407,Jerry Jeudy,WR,17,7.1000,8.8592,7.1268,False
00-0039890,Adonai Mitchell,WR,16,5.4938,5.2404,7.0308,False
00-0036309,Darnell Mooney,WR,15,5.4867,7.3213,7.0193,False
00-0035662,Marquise Brown,WR,16,8.6062,8.4972,6.9041,False
00-0039855,Jalen McMillan,WR,4,7.4750,7.0437,6.7298,False
00-0039894,Xavier Worthy,WR,14,7.8500,8.3903,6.7044,False
00-0040170,Elic Ayomanor,WR,16,7.2812,7.5863,6.6736,False
00-0040237,Tez Johnson,WR,15,6.1600,6.5373,6.4454,False
00-0039410,Ryan Flournoy,WR,15,7.6000,5.9658,6.3310,False
00-0038393,Dontayvion Wicks,WR,13,5.8308,6.3730,6.1196,False
00-0040705,Chimere Dike,WR,17,7.5353,7.2656,6.0189,False
00-0037291,Jalen Nailor,WR,17,5.9235,6.3979,5.9628,False
00-0035535,Darius Slayton,WR,14,7.0571,6.8204,5.9113,False
00-0037666,Jalen Tolbert,WR,12,3.8583,5.2314,5.9081,False
00-0032385,Sterling Shepard,WR,13,6.3077,6.1138,5.8818,False
00-0039880,Malik Washington,WR,17,6.8647,5.5793,5.8818,False
00-0038619,Andrei Iosivas,WR,15,5.9933,6.1282,5.8771,False
00-0038979,Cedric Tillman,WR,12,5.0000,5.9444,5.8663,False
00-0038104,Tyquan Thornton,WR,12,6.7333,5.6175,5.8651,False
00-0037614,John Metchie III,WR,13,5.5308,5.6419,5.8134,False
00-0040782,Isaiah Bond,WR,15,3.6467,4.9064,5.7490,False
00-0040648,Tory Horton,WR,8,8.1375,7.2277,5.7142,False
00-0036626,Dyami Brown,WR,11,4.5182,5.1747,5.6693,False
00-0036550,Rashod Bateman,WR,13,4.2615,5.1148,5.5962,False
00-0039424,Devaughn Vele,WR,9,7.3667,7.1983,5.5605,False
00-0036415,Van Jefferson,WR,14,5.0000,5.7921,5.5095,False
00-0036988,Josh Palmer,WR,12,4.3583,5.1943,5.5095,False
00-0037801,KaVontae Turpin,WR,15,5.6333,5.6546,5.4998,False
00-0035359,David Sills,WR,12,4.0917,4.8068,5.4955,False
00-0034983,Hunter Renfrow,WR,6,5.9833,5.8997,5.2861,False
00-0040669,Isaac TeSlaa,WR,14,5.4214,5.8381,5.2854,False
00-0033891,Zay Jones,WR,6,5.0500,4.2412,5.1950,False
00-0036165,Isaiah Hodgins,WR,6,4.5833,5.0192,5.1950,False
00-0033943,Josh Reynolds,WR,5,4.6200,4.3382,5.1250,False
00-0036182,Nick Westbrook-Ikhine,WR,13,1.5308,4.2920,5.1151,False
00-0032398,Chris Moore,WR,10,3.8600,4.8255,5.1065,False
00-0032211,Tyler Lockett,WR,17,3.9471,5.1106,5.0931,False
00-0038839,Mitchell Tinsley,WR,8,3.9500,4.4998,5.0383,False
00-0032464,Kalif Raymond,WR,15,4.4533,5.0562,5.0092,False
00-0030564,DeAndre Hopkins,WR,17,3.9412,5.1155,4.8554,False
00-0033857,JuJu Smith-Schuster,WR,17,4.3235,4.9521,4.8061,False
00-0039355,Luke McCaffrey,WR,9,5.7000,5.6919,4.7535,False
00-0037231,Kevin Austin Jr.,WR,5,6.6000,4.8977,4.6203,False
00-0036427,Tyler Johnson,WR,9,4.1889,4.7092,4.5409,False
00-0040277,Jahdae Walker,WR,6,4.4500,4.8916,4.5409,False
00-0035500,Greg Dortch,WR,12,6.2583,4.6949,4.4753,False
00-0034407,Ray-Ray McCloud,WR,6,2.3167,3.8679,4.4674,False
00-0033591,Noah Brown,WR,4,3.3250,4.5049,4.4436,False
00-0034521,Allen Lazard,WR,9,2.5556,4.7136,4.3872,False
00-0036849,Tutu Atwell,WR,8,3.9000,4.1712,4.3842,False
00-0039739,Roman Wilson,WR,9,4.2889,4.9384,4.3842,False
00-0035298,Scott Miller,WR,5,3.0400,3.1648,4.1433,False
00-0039394,Casey Washington,WR,5,3.0800,3.9545,4.1080,False
00-0040581,Dont'e Thornton Jr.,WR,11,2.1364,3.4717,4.0281,False
00-0040729,Jack Bech,WR,14,3.0286,4.0643,3.9724,False
00-0040164,Jaylin Lane,WR,15,3.4133,4.0956,3.9599,False
00-0038938,Jalin Hyatt,WR,6,1.4167,2.1734,3.8412,False
00-0039623,Mason Tipton,WR,8,2.5500,2.9907,3.7400,False
00-0039920,Malachi Corley,WR,12,2.6333,3.6216,3.6725,False
00-0038953,Dylan Drummond,WR,6,1.8667,2.9343,3.6582,False
00-0040432,Beaux Collins,WR,4,1.1250,2.2389,3.6184,False
00-0039521,Xavier Weaver,WR,7,1.9571,3.2268,3.5709,False
00-0036841,Austin Trammell,WR,6,1.2667,2.4349,3.5663,False
00-0039379,Jamari Thrash,WR,8,2.5875,2.8028,3.5310,False
00-0039792,Devontez Walker,WR,8,4.7000,5.3838,3.5151,False
00-0040582,Arian Smith,WR,13,1.0385,2.7231,3.4583,False
00-0040184,KeAndre Lambert-Smith,WR,10,1.6100,2.8759,3.3643,False
00-0036959,Michael Bandy,WR,4,3.7500,4.6252,3.3405,False
00-0034418,Cedrick Wilson Jr.,WR,6,1.5667,2.9370,3.2171,False
00-0038640,Jalen Brooks,WR,5,1.6200,2.7368,3.0143,False
00-0034487,Trent Sherfield,WR,4,1.2750,2.6616,3.0097,False
00-0038576,Charlie Jones,WR,14,0.4286,1.5292,2.9303,False
00-0035021,Ashton Dulin,WR,12,1.6667,2.9284,2.9023,False
00-0036133,James Proche,WR,6,2.0833,2.5477,2.8304,False
00-0040009,Savion Williams,WR,12,2.1250,3.0653,2.7770,False
00-0035602,Alex Bachman,WR,11,0.2909,1.7391,2.7577,False
00-0036620,Dee Eskridge,WR,11,0.9273,2.1641,2.7434,False
00-0040259,Gage Larvadain,WR,13,1.1077,2.5052,2.7388,False
00-0037091,Bo Melton,WR,13,1.8615,3.1817,2.7159,False
00-0034860,Dante Pettis,WR,8,2.4625,3.2732,2.7085,False
00-0036630,Tylan Wallace,WR,11,1.3182,2.7982,2.7036,False
00-0034854,KhaDarel Hodge,WR,8,0.7625,2.2245,2.6604,False
00-0035891,Cody White,WR,8,2.2500,3.2892,2.6554,False
00-0038824,Ryan Miller,WR,9,1.2667,2.6304,2.6508,False
00-0035544,Tom Kennedy,WR,6,1.2667,2.8700,2.6156,False
00-0037742,Treylon Burks,WR,8,3.6250,3.0011,2.5983,False
00-0038465,Malik Heath,WR,7,2.0857,3.3763,2.5854,False
00-0035645,Gunner Olszewski,WR,16,2.2388,1.7018,2.5729,False
00-0037487,Deven Thompkins,WR,7,0.8857,2.1638,2.5188,False
00-0036646,Simi Fehoko,WR,7,0.0000,1.9459,2.4828,False
00-0035876,Andre Baccellia,WR,4,0.7000,2.2351,2.4782,False
00-0031763,DeAndre Carter,WR,4,0.0000,1.7129,2.4430,False
00-0039062,Jonathan Mingo,WR,5,0.7000,1.9856,2.3016,False
00-0033572,Jamal Agnew,WR,11,0.0000,1.7698,2.2990,False
00-0040075,LaJohntay Wester,WR,14,0.0000,1.7219,2.2990,False
00-0040506,Myles Price,WR,16,0.0000,1.6900,2.2990,False
00-0040534,Ke'Shawn Williams,WR,11,0.2273,1.9366,2.2590,False
00-0032951,Laquon Treadwell,WR,6,0.0000,1.8497,2.2571,False
00-0038519,Nikko Remigio,WR,14,0.3000,2.0211,2.1286,False
00-0039816,Anthony Gould,WR,11,0.2364,1.5168,2.0881,False
00-0038496,Xavier Gipson,WR,6,0.4333,1.8520,2.0759,False
00-0040154,Tai Felton,WR,12,0.4583,2.1161,2.0528,False
00-0039451,Isaiah Williams,WR,15,4.0467,2.8656,1.9600,False
00-0036176,Mason Kinsey,WR,6,1.1333,2.0897,1.9150,False
00-0039589,Kameron Johnson,WR,17,1.0412,1.8305,1.9024,False
